store_nbr,family,week,sales,onpromotion,oil_price,city,state,type,cluster,holiday_count,has_holiday
3,DAIRY,2012-12-31,7209.0,0,93.09400000000001,Quito,Pichincha,D,8,4.0,1.0
3,DAIRY,2013-01-07,8149.0,0,93.44285714285715,Quito,Pichincha,D,8,1.0,1.0
3,DAIRY,2013-01-14,8202.0,0,94.87571428571428,Quito,Pichincha,D,8,0.0,0.0
3,DAIRY,2013-01-21,7788.0,0,95.36571428571429,Quito,Pichincha,D,8,0.0,0.0
3,DAIRY,2013-01-28,8049.0,0,97.36857142857143,Quito,Pichincha,D,8,0.0,0.0
3,DAIRY,2013-02-04,6960.0,0,96.04285714285713,Quito,Pichincha,D,8,0.0,0.0
3,DAIRY,2013-02-11,8405.0,0,96.66714285714286,Quito,Pichincha,D,8,2.0,1.0
3,DAIRY,2013-02-18,8105.0,0,94.24428571428572,Quito,Pichincha,D,8,0.0,0.0
3,DAIRY,2013-02-25,8704.0,0,91.76714285714286,Quito,Pichincha,D,8,1.0,1.0
3,DAIRY,2013-03-04,8459.0,0,91.29142857142857,Quito,Pichincha,D,8,0.0,0.0
3,DAIRY,2013-03-11,8325.0,0,92.92571428571429,Quito,Pichincha,D,8,0.0,0.0
3,DAIRY,2013-03-18,8943.0,0,93.14999999999999,Quito,Pichincha,D,8,0.0,0.0
3,DAIRY,2013-03-25,9343.0,0,96.57571428571428,Quito,Pichincha,D,8,0.0,0.0
3,DAIRY,2013-04-01,9394.0,0,94.41285714285713,Quito,Pichincha,D,8,1.0,1.0
3,DAIRY,2013-04-08,8097.0,0,92.75142857142858,Quito,Pichincha,D,8,2.0,1.0
3,DAIRY,2013-04-15,8631.0,0,88.01142857142858,Quito,Pichincha,D,8,1.0,1.0
3,DAIRY,2013-04-22,8530.0,0,91.46428571428571,Quito,Pichincha,D,8,0.0,0.0
3,DAIRY,2013-04-29,9348.0,0,93.92857142857143,Quito,Pichincha,D,8,2.0,1.0
3,DAIRY,2013-05-06,8999.0,0,95.83428571428571,Quito,Pichincha,D,8,3.0,1.0
3,DAIRY,2013-05-13,8608.0,0,94.9542857142857,Quito,Pichincha,D,8,0.0,0.0
3,DAIRY,2013-05-20,8044.0,0,94.49428571428572,Quito,Pichincha,D,8,1.0,1.0
3,DAIRY,2013-05-27,9100.0,0,92.99714285714286,Quito,Pichincha,D,8,0.0,0.0
3,DAIRY,2013-06-03,9306.0,0,94.78142857142858,Quito,Pichincha,D,8,0.0,0.0
3,DAIRY,2013-06-10,8924.0,0,96.77857142857144,Quito,Pichincha,D,8,0.0,0.0
3,DAIRY,2013-06-17,8557.0,0,95.84,Quito,Pichincha,D,8,1.0,1.0
3,DAIRY,2013-06-24,8621.0,0,95.98142857142857,Quito,Pichincha,D,8,3.0,1.0
3,DAIRY,2013-07-01,9159.0,0,101.52857142857144,Quito,Pichincha,D,8,2.0,1.0
3,DAIRY,2013-07-08,8272.0,0,105.03142857142858,Quito,Pichincha,D,8,0.0,0.0
3,DAIRY,2013-07-15,8524.0,0,107.20142857142856,Quito,Pichincha,D,8,0.0,0.0
3,DAIRY,2013-07-22,8063.0,0,105.55714285714285,Quito,Pichincha,D,8,3.0,1.0
3,DAIRY,2013-07-29,8521.0,0,105.94285714285715,Quito,Pichincha,D,8,0.0,0.0
3,DAIRY,2013-08-05,7979.0,0,105.41571428571429,Quito,Pichincha,D,8,2.0,1.0
3,DAIRY,2013-08-12,7807.0,0,107.14714285714285,Quito,Pichincha,D,8,1.0,1.0
3,DAIRY,2013-08-19,8195.0,0,105.76285714285714,Quito,Pichincha,D,8,1.0,1.0
3,DAIRY,2013-08-26,9293.0,0,108.23,Quito,Pichincha,D,8,0.0,0.0
3,DAIRY,2013-09-02,9004.0,0,109.1857142857143,Quito,Pichincha,D,8,0.0,0.0
3,DAIRY,2013-09-09,8506.0,0,108.34285714285714,Quito,Pichincha,D,8,0.0,0.0
3,DAIRY,2013-09-16,8302.0,0,105.78428571428572,Quito,Pichincha,D,8,0.0,0.0
3,DAIRY,2013-09-23,8475.0,0,103.02857142857144,Quito,Pichincha,D,8,1.0,1.0
3,DAIRY,2013-09-30,9337.0,0,103.34,Quito,Pichincha,D,8,0.0,0.0
3,DAIRY,2013-10-07,8465.0,0,102.54714285714286,Quito,Pichincha,D,8,2.0,1.0
3,DAIRY,2013-10-14,8744.0,0,101.32571428571428,Quito,Pichincha,D,8,0.0,0.0
3,DAIRY,2013-10-21,8094.0,0,97.52285714285715,Quito,Pichincha,D,8,0.0,0.0
3,DAIRY,2013-10-28,8521.0,0,96.25857142857144,Quito,Pichincha,D,8,2.0,1.0
3,DAIRY,2013-11-04,11078.0,0,94.37857142857142,Quito,Pichincha,D,8,3.0,1.0
3,DAIRY,2013-11-11,11293.0,0,93.90285714285713,Quito,Pichincha,D,8,2.0,1.0
3,DAIRY,2013-11-18,11252.0,0,94.0942857142857,Quito,Pichincha,D,8,0.0,0.0
3,DAIRY,2013-11-25,12416.0,0,92.71714285714286,Quito,Pichincha,D,8,0.0,0.0
3,DAIRY,2013-12-02,12871.0,0,96.57000000000001,Quito,Pichincha,D,8,3.0,1.0
3,DAIRY,2013-12-09,13292.0,0,96.95571428571428,Quito,Pichincha,D,8,0.0,0.0
3,DAIRY,2013-12-16,15222.0,0,98.21285714285715,Quito,Pichincha,D,8,3.0,1.0
3,DAIRY,2013-12-23,11682.0,0,99.33714285714287,Quito,Pichincha,D,8,4.0,1.0
3,DAIRY,2013-12-30,14403.0,0,95.90857142857143,Quito,Pichincha,D,8,2.0,1.0
3,DAIRY,2014-01-06,14763.0,0,92.40857142857143,Quito,Pichincha,D,8,0.0,0.0
3,DAIRY,2014-01-13,14335.0,0,93.25714285714285,Quito,Pichincha,D,8,0.0,0.0
3,DAIRY,2014-01-20,14319.0,0,96.00428571428571,Quito,Pichincha,D,8,0.0,0.0
3,DAIRY,2014-01-27,13969.0,0,97.36428571428571,Quito,Pichincha,D,8,0.0,0.0
3,DAIRY,2014-02-03,13239.0,0,98.40857142857143,Quito,Pichincha,D,8,0.0,0.0
3,DAIRY,2014-02-10,13877.0,0,100.23714285714286,Quito,Pichincha,D,8,0.0,0.0
3,DAIRY,2014-02-17,13188.0,0,102.44285714285715,Quito,Pichincha,D,8,0.0,0.0
3,DAIRY,2014-02-24,11967.0,0,102.80285714285715,Quito,Pichincha,D,8,1.0,1.0
3,DAIRY,2014-03-03,15694.0,0,103.00142857142858,Quito,Pichincha,D,8,2.0,1.0
3,DAIRY,2014-03-10,14047.0,0,99.46142857142857,Quito,Pichincha,D,8,0.0,0.0
3,DAIRY,2014-03-17,14797.0,0,99.83,Quito,Pichincha,D,8,0.0,0.0
3,DAIRY,2014-03-24,14535.0,0,100.96571428571428,Quito,Pichincha,D,8,0.0,0.0
3,DAIRY,2014-03-31,14555.0,0,100.66142857142857,Quito,Pichincha,D,8,1.0,1.0
3,DAIRY,2014-04-07,13614.0,0,102.99428571428572,Quito,Pichincha,D,8,1.0,1.0
3,DAIRY,2014-04-14,14138.0,0,104.11142857142856,Quito,Pichincha,D,8,2.0,1.0
3,DAIRY,2014-04-21,13076.0,0,101.75142857142858,Quito,Pichincha,D,8,1.0,1.0
3,DAIRY,2014-04-28,13570.0,0,100.38857142857144,Quito,Pichincha,D,8,1.0,1.0
3,DAIRY,2014-05-05,13013.0,0,100.29857142857142,Quito,Pichincha,D,8,2.0,1.0
3,DAIRY,2014-05-12,13254.0,10,102.02857142857144,Quito,Pichincha,D,8,1.0,1.0
3,DAIRY,2014-05-19,12842.0,8,104.16,Quito,Pichincha,D,8,1.0,1.0
3,DAIRY,2014-05-26,12961.0,8,103.94571428571429,Quito,Pichincha,D,8,0.0,0.0
3,DAIRY,2014-06-02,13841.0,11,103.25857142857141,Quito,Pichincha,D,8,0.0,0.0
3,DAIRY,2014-06-09,13362.0,8,106.40285714285713,Quito,Pichincha,D,8,2.0,1.0
3,DAIRY,2014-06-16,13178.0,5,107.4342857142857,Quito,Pichincha,D,8,1.0,1.0
3,DAIRY,2014-06-23,12930.0,8,106.62571428571428,Quito,Pichincha,D,8,7.0,1.0
3,DAIRY,2014-06-30,14625.0,6,105.19285714285715,Quito,Pichincha,D,8,6.0,1.0
3,DAIRY,2014-07-07,13423.0,10,102.74714285714286,Quito,Pichincha,D,8,4.0,1.0
3,DAIRY,2014-07-14,13339.0,12,102.78571428571429,Quito,Pichincha,D,8,0.0,0.0
3,DAIRY,2014-07-21,12785.0,9,104.59857142857143,Quito,Pichincha,D,8,3.0,1.0
3,DAIRY,2014-07-28,12294.0,4,100.9557142857143,Quito,Pichincha,D,8,0.0,0.0
3,DAIRY,2014-08-04,11595.0,4,97.52857142857144,Quito,Pichincha,D,8,2.0,1.0
3,DAIRY,2014-08-11,11426.0,2,97.20857142857143,Quito,Pichincha,D,8,1.0,1.0
3,DAIRY,2014-08-18,11860.0,7,94.57000000000001,Quito,Pichincha,D,8,1.0,1.0
3,DAIRY,2014-08-25,12968.0,18,96.71571428571428,Quito,Pichincha,D,8,0.0,0.0
3,DAIRY,2014-09-01,16688.0,24,94.39285714285714,Quito,Pichincha,D,8,0.0,0.0
3,DAIRY,2014-09-08,14764.0,30,92.35857142857142,Quito,Pichincha,D,8,0.0,0.0
3,DAIRY,2014-09-15,15379.0,33,93.20857142857143,Quito,Pichincha,D,8,0.0,0.0
3,DAIRY,2014-09-22,14900.0,32,93.83571428571429,Quito,Pichincha,D,8,1.0,1.0
3,DAIRY,2014-09-29,16202.0,28,90.96285714285715,Quito,Pichincha,D,8,0.0,0.0
3,DAIRY,2014-10-06,14704.0,15,87.12571428571428,Quito,Pichincha,D,8,2.0,1.0
3,DAIRY,2014-10-13,14687.0,8,82.85714285714286,Quito,Pichincha,D,8,0.0,0.0
3,DAIRY,2014-10-20,14113.0,6,81.87857142857142,Quito,Pichincha,D,8,0.0,0.0
3,DAIRY,2014-10-27,13063.0,11,81.07428571428571,Quito,Pichincha,D,8,1.0,1.0
3,DAIRY,2014-11-03,15486.0,3,78.37571428571428,Quito,Pichincha,D,8,3.0,1.0
3,DAIRY,2014-11-10,14051.0,0,76.32857142857142,Quito,Pichincha,D,8,3.0,1.0
3,DAIRY,2014-11-17,14409.0,1,75.7042857142857,Quito,Pichincha,D,8,0.0,0.0
3,DAIRY,2014-11-24,14264.0,2,70.71428571428571,Quito,Pichincha,D,8,1.0,1.0
3,DAIRY,2014-12-01,15168.0,4,66.81,Quito,Pichincha,D,8,3.0,1.0
3,DAIRY,2014-12-08,15100.0,9,60.18571428571429,Quito,Pichincha,D,8,1.0,1.0
3,DAIRY,2014-12-15,15901.0,11,56.18142857142857,Quito,Pichincha,D,8,2.0,1.0
3,DAIRY,2014-12-22,13469.0,15,55.314285714285724,Quito,Pichincha,D,8,7.0,1.0
3,DAIRY,2014-12-29,13802.0,13,53.237142857142864,Quito,Pichincha,D,8,3.0,1.0
3,DAIRY,2015-01-05,14839.0,13,48.652857142857144,Quito,Pichincha,D,8,1.0,1.0
3,DAIRY,2015-01-12,13556.0,18,47.472857142857144,Quito,Pichincha,D,8,0.0,0.0
3,DAIRY,2015-01-19,13455.0,8,46.40571428571428,Quito,Pichincha,D,8,0.0,0.0
3,DAIRY,2015-01-26,13765.0,15,46.029999999999994,Quito,Pichincha,D,8,0.0,0.0
3,DAIRY,2015-02-02,13434.0,17,50.885714285714286,Quito,Pichincha,D,8,0.0,0.0
3,DAIRY,2015-02-09,10807.0,21,51.57142857142857,Quito,Pichincha,D,8,0.0,0.0
3,DAIRY,2015-02-16,14428.0,17,51.33142857142857,Quito,Pichincha,D,8,2.0,1.0
3,DAIRY,2015-02-23,13924.0,12,49.35142857142858,Quito,Pichincha,D,8,0.0,0.0
3,DAIRY,2015-03-02,15778.0,7,50.16285714285714,Quito,Pichincha,D,8,1.0,1.0
3,DAIRY,2015-03-09,15110.0,9,46.88428571428572,Quito,Pichincha,D,8,0.0,0.0
3,DAIRY,2015-03-16,14719.0,9,44.85285714285715,Quito,Pichincha,D,8,0.0,0.0
3,DAIRY,2015-03-23,15033.0,10,48.72571428571428,Quito,Pichincha,D,8,0.0,0.0
3,DAIRY,2015-03-30,16679.0,11,49.00285714285714,Quito,Pichincha,D,8,2.0,1.0
3,DAIRY,2015-04-06,15123.0,12,51.73571428571428,Quito,Pichincha,D,8,1.0,1.0
3,DAIRY,2015-04-13,14851.0,10,55.04571428571428,Quito,Pichincha,D,8,1.0,1.0
3,DAIRY,2015-04-20,14982.0,11,56.09285714285714,Quito,Pichincha,D,8,1.0,1.0
3,DAIRY,2015-04-27,15150.0,7,58.29714285714285,Quito,Pichincha,D,8,1.0,1.0
3,DAIRY,2015-05-04,15332.0,10,59.635714285714286,Quito,Pichincha,D,8,2.0,1.0
3,DAIRY,2015-05-11,15468.0,15,59.93285714285714,Quito,Pichincha,D,8,1.0,1.0
3,DAIRY,2015-05-18,15623.0,10,58.93142857142857,Quito,Pichincha,D,8,1.0,1.0
3,DAIRY,2015-05-25,15507.0,10,58.87428571428571,Quito,Pichincha,D,8,0.0,0.0
3,DAIRY,2015-06-01,16783.0,22,59.50571428571429,Quito,Pichincha,D,8,0.0,0.0
3,DAIRY,2015-06-08,15532.0,15,60.04,Quito,Pichincha,D,8,0.0,0.0
3,DAIRY,2015-06-15,16185.0,28,59.81428571428571,Quito,Pichincha,D,8,0.0,0.0
3,DAIRY,2015-06-22,16042.0,31,59.84142857142857,Quito,Pichincha,D,8,4.0,1.0
3,DAIRY,2015-06-29,18211.0,19,57.49714285714286,Quito,Pichincha,D,8,2.0,1.0
3,DAIRY,2015-07-06,14891.0,6,52.48571428571428,Quito,Pichincha,D,8,0.0,0.0
3,DAIRY,2015-07-13,15573.0,8,51.45428571428572,Quito,Pichincha,D,8,0.0,0.0
3,DAIRY,2015-07-20,14092.0,9,48.86,Quito,Pichincha,D,8,3.0,1.0
3,DAIRY,2015-07-27,14856.0,20,47.68142857142857,Quito,Pichincha,D,8,0.0,0.0
3,DAIRY,2015-08-03,13704.0,24,44.63285714285714,Quito,Pichincha,D,8,1.0,1.0
3,DAIRY,2015-08-10,15676.0,15,42.98428571428571,Quito,Pichincha,D,8,2.0,1.0
3,DAIRY,2015-08-17,14520.0,8,41.08714285714286,Quito,Pichincha,D,8,0.0,0.0
3,DAIRY,2015-08-24,15505.0,3,42.029999999999994,Quito,Pichincha,D,8,1.0,1.0
3,DAIRY,2015-08-31,17174.0,18,46.527142857142856,Quito,Pichincha,D,8,0.0,0.0
3,DAIRY,2015-09-07,15052.0,28,45.167142857142856,Quito,Pichincha,D,8,0.0,0.0
3,DAIRY,2015-09-14,15471.0,18,45.26142857142857,Quito,Pichincha,D,8,0.0,0.0
3,DAIRY,2015-09-21,14819.0,16,45.565714285714286,Quito,Pichincha,D,8,0.0,0.0
3,DAIRY,2015-09-28,17395.0,17,45.152857142857144,Quito,Pichincha,D,8,1.0,1.0
3,DAIRY,2015-10-05,16512.0,10,48.73428571428571,Quito,Pichincha,D,8,2.0,1.0
3,DAIRY,2015-10-12,16422.0,30,46.957142857142856,Quito,Pichincha,D,8,0.0,0.0
3,DAIRY,2015-10-19,16352.0,15,44.8,Quito,Pichincha,D,8,0.0,0.0
3,DAIRY,2015-10-26,13959.0,3,45.449999999999996,Quito,Pichincha,D,8,0.0,0.0
3,DAIRY,2015-11-02,18456.0,9,45.50714285714286,Quito,Pichincha,D,8,4.0,1.0
3,DAIRY,2015-11-09,16635.0,12,42.12285714285714,Quito,Pichincha,D,8,3.0,1.0
3,DAIRY,2015-11-16,17098.0,15,40.26857142857143,Quito,Pichincha,D,8,0.0,0.0
3,DAIRY,2015-11-23,16236.0,16,40.61571428571428,Quito,Pichincha,D,8,1.0,1.0
3,DAIRY,2015-11-30,17636.0,16,40.28857142857142,Quito,Pichincha,D,8,3.0,1.0
3,DAIRY,2015-12-07,16913.0,22,36.567142857142855,Quito,Pichincha,D,8,1.0,1.0
3,DAIRY,2015-12-14,18213.0,23,35.47428571428571,Quito,Pichincha,D,8,0.0,0.0
3,DAIRY,2015-12-21,15708.0,20,36.84428571428571,Quito,Pichincha,D,8,7.0,1.0
3,DAIRY,2015-12-28,15824.0,50,37.050000000000004,Quito,Pichincha,D,8,2.0,1.0
3,DAIRY,2016-01-04,18609.0,135,34.23428571428572,Quito,Pichincha,D,8,0.0,0.0
3,DAIRY,2016-01-11,16867.0,98,30.261428571428574,Quito,Pichincha,D,8,0.0,0.0
3,DAIRY,2016-01-18,16832.0,63,30.051428571428573,Quito,Pichincha,D,8,0.0,0.0
3,DAIRY,2016-01-25,16609.0,3,32.33714285714286,Quito,Pichincha,D,8,0.0,0.0
3,DAIRY,2016-02-01,15367.0,5,31.145714285714288,Quito,Pichincha,D,8,0.0,0.0
3,DAIRY,2016-02-08,17117.0,3,28.48,Quito,Pichincha,D,8,2.0,1.0
3,DAIRY,2016-02-15,17467.0,3,29.798571428571428,Quito,Pichincha,D,8,0.0,0.0
3,DAIRY,2016-02-22,16985.0,15,31.415714285714284,Quito,Pichincha,D,8,0.0,0.0
3,DAIRY,2016-02-29,18794.0,82,34.855714285714285,Quito,Pichincha,D,8,1.0,1.0
3,DAIRY,2016-03-07,17326.0,109,37.92714285714286,Quito,Pichincha,D,8,0.0,0.0
3,DAIRY,2016-03-14,17497.0,125,38.64714285714285,Quito,Pichincha,D,8,0.0,0.0
3,DAIRY,2016-03-21,17669.0,52,38.885714285714286,Quito,Pichincha,D,8,1.0,1.0
3,DAIRY,2016-03-28,18253.0,7,36.40428571428571,Quito,Pichincha,D,8,1.0,1.0
3,DAIRY,2016-04-04,17341.0,6,37.582857142857144,Quito,Pichincha,D,8,0.0,0.0
3,DAIRY,2016-04-11,16963.0,13,40.99,Quito,Pichincha,D,8,4.0,1.0
3,DAIRY,2016-04-18,17260.0,198,42.114285714285714,Quito,Pichincha,D,8,8.0,1.0
3,DAIRY,2016-04-25,16861.0,279,44.778571428571425,Quito,Pichincha,D,8,8.0,1.0
3,DAIRY,2016-05-02,17704.0,37,44.32,Quito,Pichincha,D,8,9.0,1.0
3,DAIRY,2016-05-09,17220.0,51,45.66285714285714,Quito,Pichincha,D,8,8.0,1.0
3,DAIRY,2016-05-16,17208.0,23,47.9,Quito,Pichincha,D,8,1.0,1.0
3,DAIRY,2016-05-23,16163.0,24,48.90571428571428,Quito,Pichincha,D,8,1.0,1.0
3,DAIRY,2016-05-30,17835.0,18,48.962857142857146,Quito,Pichincha,D,8,0.0,0.0
3,DAIRY,2016-06-06,16352.0,32,49.871428571428574,Quito,Pichincha,D,8,0.0,0.0
3,DAIRY,2016-06-13,17249.0,40,47.92,Quito,Pichincha,D,8,0.0,0.0
3,DAIRY,2016-06-20,16298.0,81,48.135714285714286,Quito,Pichincha,D,8,4.0,1.0
3,DAIRY,2016-06-27,16869.0,106,48.41571428571429,Quito,Pichincha,D,8,2.0,1.0
3,DAIRY,2016-07-04,16390.0,234,46.35,Quito,Pichincha,D,8,0.0,0.0
3,DAIRY,2016-07-11,15847.0,112,45.69285714285714,Quito,Pichincha,D,8,0.0,0.0
3,DAIRY,2016-07-18,16069.0,79,44.145714285714284,Quito,Pichincha,D,8,3.0,1.0
3,DAIRY,2016-07-25,14575.0,56,41.74428571428571,Quito,Pichincha,D,8,0.0,0.0
3,DAIRY,2016-08-01,15903.0,46,41.10857142857143,Quito,Pichincha,D,8,1.0,1.0
3,DAIRY,2016-08-08,14111.0,72,43.50142857142857,Quito,Pichincha,D,8,1.0,1.0
3,DAIRY,2016-08-15,15298.0,111,47.534285714285716,Quito,Pichincha,D,8,1.0,1.0
3,DAIRY,2016-08-22,15281.0,75,47.21714285714285,Quito,Pichincha,D,8,1.0,1.0
3,DAIRY,2016-08-29,17404.0,56,44.901428571428575,Quito,Pichincha,D,8,0.0,0.0
3,DAIRY,2016-09-05,17315.0,50,45.71142857142858,Quito,Pichincha,D,8,0.0,0.0
3,DAIRY,2016-09-12,16149.0,26,43.96857142857142,Quito,Pichincha,D,8,0.0,0.0
3,DAIRY,2016-09-19,16043.0,21,44.528571428571425,Quito,Pichincha,D,8,0.0,0.0
3,DAIRY,2016-09-26,17286.0,24,46.885714285714286,Quito,Pichincha,D,8,1.0,1.0
3,DAIRY,2016-10-03,17469.0,58,49.56285714285714,Quito,Pichincha,D,8,2.0,1.0
3,DAIRY,2016-10-10,16190.0,77,50.30571428571428,Quito,Pichincha,D,8,0.0,0.0
3,DAIRY,2016-10-17,15921.0,74,50.57142857142857,Quito,Pichincha,D,8,0.0,0.0
3,DAIRY,2016-10-24,14807.0,140,49.17857142857143,Quito,Pichincha,D,8,0.0,0.0
3,DAIRY,2016-10-31,16076.0,189,45.097142857142856,Quito,Pichincha,D,8,4.0,1.0
3,DAIRY,2016-11-07,17548.0,198,44.26142857142857,Quito,Pichincha,D,8,5.0,1.0
3,DAIRY,2016-11-14,17237.0,198,45.30714285714286,Quito,Pichincha,D,8,0.0,0.0
3,DAIRY,2016-11-21,16880.0,165,47.021428571428565,Quito,Pichincha,D,8,1.0,1.0
3,DAIRY,2016-11-28,17267.0,172,49.50571428571429,Quito,Pichincha,D,8,1.0,1.0
3,DAIRY,2016-12-05,17704.0,170,51.12714285714286,Quito,Pichincha,D,8,3.0,1.0
3,DAIRY,2016-12-12,17276.0,151,51.91857142857143,Quito,Pichincha,D,8,0.0,0.0
3,DAIRY,2016-12-19,18270.0,166,51.971428571428575,Quito,Pichincha,D,8,6.0,1.0
3,DAIRY,2016-12-26,15552.0,189,53.41285714285714,Quito,Pichincha,D,8,2.0,1.0
3,DAIRY,2017-01-02,20524.0,182,53.582857142857144,Quito,Pichincha,D,8,1.0,1.0
3,DAIRY,2017-01-09,17113.0,193,52.15,Quito,Pichincha,D,8,0.0,0.0
3,DAIRY,2017-01-16,17538.0,174,52.044285714285714,Quito,Pichincha,D,8,0.0,0.0
3,DAIRY,2017-01-23,17262.0,163,52.86714285714286,Quito,Pichincha,D,8,0.0,0.0
3,DAIRY,2017-01-30,17788.0,140,53.465714285714284,Quito,Pichincha,D,8,0.0,0.0
3,DAIRY,2017-02-06,17353.0,148,53.15428571428571,Quito,Pichincha,D,8,0.0,0.0
3,DAIRY,2017-02-13,17681.0,143,53.27428571428571,Quito,Pichincha,D,8,0.0,0.0
3,DAIRY,2017-02-20,15083.0,114,53.92714285714286,Quito,Pichincha,D,8,0.0,0.0
3,DAIRY,2017-02-27,19038.0,212,53.49714285714286,Quito,Pichincha,D,8,3.0,1.0
3,DAIRY,2017-03-06,17775.0,251,49.8,Quito,Pichincha,D,8,0.0,0.0
3,DAIRY,2017-03-13,18259.0,289,48.121428571428574,Quito,Pichincha,D,8,0.0,0.0
3,DAIRY,2017-03-20,18035.0,286,47.285714285714285,Quito,Pichincha,D,8,0.0,0.0
3,DAIRY,2017-03-27,19298.0,176,49.53857142857142,Quito,Pichincha,D,8,1.0,1.0
3,DAIRY,2017-04-03,17664.0,39,51.54571428571428,Quito,Pichincha,D,8,0.0,0.0
3,DAIRY,2017-04-10,17290.0,68,53.18857142857143,Quito,Pichincha,D,8,3.0,1.0
3,DAIRY,2017-04-17,18185.0,132,50.67857142857143,Quito,Pichincha,D,8,1.0,1.0
3,DAIRY,2017-04-24,16113.0,192,49.175714285714285,Quito,Pichincha,D,8,0.0,0.0
3,DAIRY,2017-05-01,19309.0,230,46.93,Quito,Pichincha,D,8,1.0,1.0
3,DAIRY,2017-05-08,16366.0,243,47.26857142857143,Quito,Pichincha,D,8,3.0,1.0
3,DAIRY,2017-05-15,17157.0,223,49.55142857142857,Quito,Pichincha,D,8,0.0,0.0
3,DAIRY,2017-05-22,15524.0,220,50.03285714285715,Quito,Pichincha,D,8,1.0,1.0
3,DAIRY,2017-05-29,18577.0,160,48.40857142857143,Quito,Pichincha,D,8,0.0,0.0
3,DAIRY,2017-06-05,16670.0,232,46.35285714285715,Quito,Pichincha,D,8,0.0,0.0
3,DAIRY,2017-06-12,16504.0,254,45.137142857142855,Quito,Pichincha,D,8,0.0,0.0
3,DAIRY,2017-06-19,16395.0,248,43.02428571428572,Quito,Pichincha,D,8,4.0,1.0
3,DAIRY,2017-06-26,16688.0,195,45.02428571428572,Quito,Pichincha,D,8,0.0,0.0
3,DAIRY,2017-07-03,16146.0,265,45.06,Quito,Pichincha,D,8,2.0,1.0
3,DAIRY,2017-07-10,14804.0,230,45.798571428571435,Quito,Pichincha,D,8,0.0,0.0
3,DAIRY,2017-07-17,14719.0,156,46.22714285714286,Quito,Pichincha,D,8,1.0,1.0
3,DAIRY,2017-07-24,14512.0,106,48.68142857142857,Quito,Pichincha,D,8,2.0,1.0
3,DAIRY,2017-07-31,15387.0,110,49.534285714285716,Quito,Pichincha,D,8,1.0,1.0
3,DAIRY,2017-08-07,13448.0,170,49.0,Quito,Pichincha,D,8,1.0,1.0
3,DAIRY,2017-08-14,3957.0,48,47.82857142857143,Quito,Pichincha,D,8,1.0,1.0
44,GROCERY I,2012-12-31,48350.0,0,93.09400000000001,Quito,Pichincha,A,5,4.0,1.0
44,GROCERY I,2013-01-07,64362.0,0,93.44285714285715,Quito,Pichincha,A,5,1.0,1.0
44,GROCERY I,2013-01-14,49703.0,0,94.87571428571428,Quito,Pichincha,A,5,0.0,0.0
44,GROCERY I,2013-01-21,59342.0,0,95.36571428571429,Quito,Pichincha,A,5,0.0,0.0
44,GROCERY I,2013-01-28,49611.0,0,97.36857142857143,Quito,Pichincha,A,5,0.0,0.0
44,GROCERY I,2013-02-04,43873.0,0,96.04285714285713,Quito,Pichincha,A,5,0.0,0.0
44,GROCERY I,2013-02-11,72145.0,0,96.66714285714286,Quito,Pichincha,A,5,2.0,1.0
44,GROCERY I,2013-02-18,48714.0,0,94.24428571428572,Quito,Pichincha,A,5,0.0,0.0
44,GROCERY I,2013-02-25,53819.0,0,91.76714285714286,Quito,Pichincha,A,5,1.0,1.0
44,GROCERY I,2013-03-04,60473.0,0,91.29142857142857,Quito,Pichincha,A,5,0.0,0.0
44,GROCERY I,2013-03-11,51278.0,0,92.92571428571429,Quito,Pichincha,A,5,0.0,0.0
44,GROCERY I,2013-03-18,51662.0,0,93.14999999999999,Quito,Pichincha,A,5,0.0,0.0
44,GROCERY I,2013-03-25,48896.0,0,96.57571428571428,Quito,Pichincha,A,5,0.0,0.0
44,GROCERY I,2013-04-01,60973.0,0,94.41285714285713,Quito,Pichincha,A,5,1.0,1.0
44,GROCERY I,2013-04-08,60390.0,0,92.75142857142858,Quito,Pichincha,A,5,2.0,1.0
44,GROCERY I,2013-04-15,54375.0,0,88.01142857142858,Quito,Pichincha,A,5,1.0,1.0
44,GROCERY I,2013-04-22,51078.0,0,91.46428571428571,Quito,Pichincha,A,5,0.0,0.0
44,GROCERY I,2013-04-29,60475.0,0,93.92857142857143,Quito,Pichincha,A,5,2.0,1.0
44,GROCERY I,2013-05-06,53304.0,0,95.83428571428571,Quito,Pichincha,A,5,3.0,1.0
44,GROCERY I,2013-05-13,52473.0,0,94.9542857142857,Quito,Pichincha,A,5,0.0,0.0
44,GROCERY I,2013-05-20,58058.0,0,94.49428571428572,Quito,Pichincha,A,5,1.0,1.0
44,GROCERY I,2013-05-27,53842.0,0,92.99714285714286,Quito,Pichincha,A,5,0.0,0.0
44,GROCERY I,2013-06-03,63355.0,0,94.78142857142858,Quito,Pichincha,A,5,0.0,0.0
44,GROCERY I,2013-06-10,47802.0,0,96.77857142857144,Quito,Pichincha,A,5,0.0,0.0
44,GROCERY I,2013-06-17,50807.0,0,95.84,Quito,Pichincha,A,5,1.0,1.0
44,GROCERY I,2013-06-24,50959.0,0,95.98142857142857,Quito,Pichincha,A,5,3.0,1.0
44,GROCERY I,2013-07-01,58697.0,0,101.52857142857144,Quito,Pichincha,A,5,2.0,1.0
44,GROCERY I,2013-07-08,55899.0,0,105.03142857142858,Quito,Pichincha,A,5,0.0,0.0
44,GROCERY I,2013-07-15,51201.0,0,107.20142857142856,Quito,Pichincha,A,5,0.0,0.0
44,GROCERY I,2013-07-22,49385.0,0,105.55714285714285,Quito,Pichincha,A,5,3.0,1.0
44,GROCERY I,2013-07-29,55771.0,0,105.94285714285715,Quito,Pichincha,A,5,0.0,0.0
44,GROCERY I,2013-08-05,50398.0,0,105.41571428571429,Quito,Pichincha,A,5,2.0,1.0
44,GROCERY I,2013-08-12,60071.0,0,107.14714285714285,Quito,Pichincha,A,5,1.0,1.0
44,GROCERY I,2013-08-19,50344.0,0,105.76285714285714,Quito,Pichincha,A,5,1.0,1.0
44,GROCERY I,2013-08-26,61494.0,0,108.23,Quito,Pichincha,A,5,0.0,0.0
44,GROCERY I,2013-09-02,62307.0,0,109.1857142857143,Quito,Pichincha,A,5,0.0,0.0
44,GROCERY I,2013-09-09,63022.0,0,108.34285714285714,Quito,Pichincha,A,5,0.0,0.0
44,GROCERY I,2013-09-16,51321.0,0,105.78428571428572,Quito,Pichincha,A,5,0.0,0.0
44,GROCERY I,2013-09-23,51795.0,0,103.02857142857144,Quito,Pichincha,A,5,1.0,1.0
44,GROCERY I,2013-09-30,62152.0,0,103.34,Quito,Pichincha,A,5,0.0,0.0
44,GROCERY I,2013-10-07,48131.0,0,102.54714285714286,Quito,Pichincha,A,5,2.0,1.0
44,GROCERY I,2013-10-14,65267.0,0,101.32571428571428,Quito,Pichincha,A,5,0.0,0.0
44,GROCERY I,2013-10-21,52646.0,0,97.52285714285715,Quito,Pichincha,A,5,0.0,0.0
44,GROCERY I,2013-10-28,62213.0,0,96.25857142857144,Quito,Pichincha,A,5,2.0,1.0
44,GROCERY I,2013-11-04,77574.0,0,94.37857142857142,Quito,Pichincha,A,5,3.0,1.0
44,GROCERY I,2013-11-11,99736.0,0,93.90285714285713,Quito,Pichincha,A,5,2.0,1.0
44,GROCERY I,2013-11-18,56222.0,0,94.0942857142857,Quito,Pichincha,A,5,0.0,0.0
44,GROCERY I,2013-11-25,61893.0,0,92.71714285714286,Quito,Pichincha,A,5,0.0,0.0
44,GROCERY I,2013-12-02,84388.0,0,96.57000000000001,Quito,Pichincha,A,5,3.0,1.0
44,GROCERY I,2013-12-09,85396.0,0,96.95571428571428,Quito,Pichincha,A,5,0.0,0.0
44,GROCERY I,2013-12-16,89486.0,0,98.21285714285715,Quito,Pichincha,A,5,3.0,1.0
44,GROCERY I,2013-12-23,53281.0,0,99.33714285714287,Quito,Pichincha,A,5,4.0,1.0
44,GROCERY I,2013-12-30,63721.0,0,95.90857142857143,Quito,Pichincha,A,5,2.0,1.0
44,GROCERY I,2014-01-06,59904.0,0,92.40857142857143,Quito,Pichincha,A,5,0.0,0.0
44,GROCERY I,2014-01-13,56201.0,0,93.25714285714285,Quito,Pichincha,A,5,0.0,0.0
44,GROCERY I,2014-01-20,64240.0,0,96.00428571428571,Quito,Pichincha,A,5,0.0,0.0
44,GROCERY I,2014-01-27,57343.0,0,97.36428571428571,Quito,Pichincha,A,5,0.0,0.0
44,GROCERY I,2014-02-03,58718.0,0,98.40857142857143,Quito,Pichincha,A,5,0.0,0.0
44,GROCERY I,2014-02-10,55895.0,0,100.23714285714286,Quito,Pichincha,A,5,0.0,0.0
44,GROCERY I,2014-02-17,52859.0,0,102.44285714285715,Quito,Pichincha,A,5,0.0,0.0
44,GROCERY I,2014-02-24,62077.0,0,102.80285714285715,Quito,Pichincha,A,5,1.0,1.0
44,GROCERY I,2014-03-03,70208.0,0,103.00142857142858,Quito,Pichincha,A,5,2.0,1.0
44,GROCERY I,2014-03-10,60745.0,0,99.46142857142857,Quito,Pichincha,A,5,0.0,0.0
44,GROCERY I,2014-03-17,58281.0,0,99.83,Quito,Pichincha,A,5,0.0,0.0
44,GROCERY I,2014-03-24,68042.0,0,100.96571428571428,Quito,Pichincha,A,5,0.0,0.0
44,GROCERY I,2014-03-31,69366.0,0,100.66142857142857,Quito,Pichincha,A,5,1.0,1.0
44,GROCERY I,2014-04-07,58921.0,0,102.99428571428572,Quito,Pichincha,A,5,1.0,1.0
44,GROCERY I,2014-04-14,59812.0,0,104.11142857142856,Quito,Pichincha,A,5,2.0,1.0
44,GROCERY I,2014-04-21,68013.0,0,101.75142857142858,Quito,Pichincha,A,5,1.0,1.0
44,GROCERY I,2014-04-28,64325.0,0,100.38857142857144,Quito,Pichincha,A,5,1.0,1.0
44,GROCERY I,2014-05-05,56224.0,0,100.29857142857142,Quito,Pichincha,A,5,2.0,1.0
44,GROCERY I,2014-05-12,70982.0,0,102.02857142857144,Quito,Pichincha,A,5,1.0,1.0
44,GROCERY I,2014-05-19,56535.0,0,104.16,Quito,Pichincha,A,5,1.0,1.0
44,GROCERY I,2014-05-26,60546.0,0,103.94571428571429,Quito,Pichincha,A,5,0.0,0.0
44,GROCERY I,2014-06-02,62519.0,0,103.25857142857141,Quito,Pichincha,A,5,0.0,0.0
44,GROCERY I,2014-06-09,53992.0,0,106.40285714285713,Quito,Pichincha,A,5,2.0,1.0
44,GROCERY I,2014-06-16,56582.0,0,107.4342857142857,Quito,Pichincha,A,5,1.0,1.0
44,GROCERY I,2014-06-23,63157.0,0,106.62571428571428,Quito,Pichincha,A,5,7.0,1.0
44,GROCERY I,2014-06-30,68353.0,33,105.19285714285715,Quito,Pichincha,A,5,6.0,1.0
44,GROCERY I,2014-07-07,57805.0,24,102.74714285714286,Quito,Pichincha,A,5,4.0,1.0
44,GROCERY I,2014-07-14,57564.0,27,102.78571428571429,Quito,Pichincha,A,5,0.0,0.0
44,GROCERY I,2014-07-21,67004.0,39,104.59857142857143,Quito,Pichincha,A,5,3.0,1.0
44,GROCERY I,2014-07-28,61303.0,22,100.9557142857143,Quito,Pichincha,A,5,0.0,0.0
44,GROCERY I,2014-08-04,57979.0,37,97.52857142857144,Quito,Pichincha,A,5,2.0,1.0
44,GROCERY I,2014-08-11,66979.0,65,97.20857142857143,Quito,Pichincha,A,5,1.0,1.0
44,GROCERY I,2014-08-18,67538.0,66,94.57000000000001,Quito,Pichincha,A,5,1.0,1.0
44,GROCERY I,2014-08-25,78686.0,33,96.71571428571428,Quito,Pichincha,A,5,0.0,0.0
44,GROCERY I,2014-09-01,80786.0,14,94.39285714285714,Quito,Pichincha,A,5,0.0,0.0
44,GROCERY I,2014-09-08,67490.0,24,92.35857142857142,Quito,Pichincha,A,5,0.0,0.0
44,GROCERY I,2014-09-15,67202.0,23,93.20857142857143,Quito,Pichincha,A,5,0.0,0.0
44,GROCERY I,2014-09-22,64438.0,36,93.83571428571429,Quito,Pichincha,A,5,1.0,1.0
44,GROCERY I,2014-09-29,78270.0,40,90.96285714285715,Quito,Pichincha,A,5,0.0,0.0
44,GROCERY I,2014-10-06,80292.0,36,87.12571428571428,Quito,Pichincha,A,5,2.0,1.0
44,GROCERY I,2014-10-13,68021.0,27,82.85714285714286,Quito,Pichincha,A,5,0.0,0.0
44,GROCERY I,2014-10-20,62750.0,32,81.87857142857142,Quito,Pichincha,A,5,0.0,0.0
44,GROCERY I,2014-10-27,56404.0,40,81.07428571428571,Quito,Pichincha,A,5,1.0,1.0
44,GROCERY I,2014-11-03,73329.0,59,78.37571428571428,Quito,Pichincha,A,5,3.0,1.0
44,GROCERY I,2014-11-10,65553.0,56,76.32857142857142,Quito,Pichincha,A,5,3.0,1.0
44,GROCERY I,2014-11-17,61719.0,108,75.7042857142857,Quito,Pichincha,A,5,0.0,0.0
44,GROCERY I,2014-11-24,73523.0,85,70.71428571428571,Quito,Pichincha,A,5,1.0,1.0
44,GROCERY I,2014-12-01,85998.0,91,66.81,Quito,Pichincha,A,5,3.0,1.0
44,GROCERY I,2014-12-08,93601.0,75,60.18571428571429,Quito,Pichincha,A,5,1.0,1.0
44,GROCERY I,2014-12-15,122824.0,63,56.18142857142857,Quito,Pichincha,A,5,2.0,1.0
44,GROCERY I,2014-12-22,64660.0,90,55.314285714285724,Quito,Pichincha,A,5,7.0,1.0
44,GROCERY I,2014-12-29,62207.0,95,53.237142857142864,Quito,Pichincha,A,5,3.0,1.0
44,GROCERY I,2015-01-05,69817.0,84,48.652857142857144,Quito,Pichincha,A,5,1.0,1.0
44,GROCERY I,2015-01-12,61484.0,61,47.472857142857144,Quito,Pichincha,A,5,0.0,0.0
44,GROCERY I,2015-01-19,61122.0,18,46.40571428571428,Quito,Pichincha,A,5,0.0,0.0
44,GROCERY I,2015-01-26,63119.0,28,46.029999999999994,Quito,Pichincha,A,5,0.0,0.0
44,GROCERY I,2015-02-02,63288.0,38,50.885714285714286,Quito,Pichincha,A,5,0.0,0.0
44,GROCERY I,2015-02-09,52764.0,57,51.57142857142857,Quito,Pichincha,A,5,0.0,0.0
44,GROCERY I,2015-02-16,66648.0,38,51.33142857142857,Quito,Pichincha,A,5,2.0,1.0
44,GROCERY I,2015-02-23,65197.0,37,49.35142857142858,Quito,Pichincha,A,5,0.0,0.0
44,GROCERY I,2015-03-02,65934.0,50,50.16285714285714,Quito,Pichincha,A,5,1.0,1.0
44,GROCERY I,2015-03-09,68146.0,71,46.88428571428572,Quito,Pichincha,A,5,0.0,0.0
44,GROCERY I,2015-03-16,64584.0,64,44.85285714285715,Quito,Pichincha,A,5,0.0,0.0
44,GROCERY I,2015-03-23,60681.0,66,48.72571428571428,Quito,Pichincha,A,5,0.0,0.0
44,GROCERY I,2015-03-30,68930.0,52,49.00285714285714,Quito,Pichincha,A,5,2.0,1.0
44,GROCERY I,2015-04-06,63408.0,47,51.73571428571428,Quito,Pichincha,A,5,1.0,1.0
44,GROCERY I,2015-04-13,64718.0,60,55.04571428571428,Quito,Pichincha,A,5,1.0,1.0
44,GROCERY I,2015-04-20,61188.0,129,56.09285714285714,Quito,Pichincha,A,5,1.0,1.0
44,GROCERY I,2015-04-27,68187.0,113,58.29714285714285,Quito,Pichincha,A,5,1.0,1.0
44,GROCERY I,2015-05-04,64708.0,118,59.635714285714286,Quito,Pichincha,A,5,2.0,1.0
44,GROCERY I,2015-05-11,64578.0,65,59.93285714285714,Quito,Pichincha,A,5,1.0,1.0
44,GROCERY I,2015-05-18,60141.0,90,58.93142857142857,Quito,Pichincha,A,5,1.0,1.0
44,GROCERY I,2015-05-25,65270.0,79,58.87428571428571,Quito,Pichincha,A,5,0.0,0.0
44,GROCERY I,2015-06-01,66495.0,94,59.50571428571429,Quito,Pichincha,A,5,0.0,0.0
44,GROCERY I,2015-06-08,60833.0,92,60.04,Quito,Pichincha,A,5,0.0,0.0
44,GROCERY I,2015-06-15,59422.0,100,59.81428571428571,Quito,Pichincha,A,5,0.0,0.0
44,GROCERY I,2015-06-22,59397.0,95,59.84142857142857,Quito,Pichincha,A,5,4.0,1.0
44,GROCERY I,2015-06-29,65690.0,58,57.49714285714286,Quito,Pichincha,A,5,2.0,1.0
44,GROCERY I,2015-07-06,57096.0,67,52.48571428571428,Quito,Pichincha,A,5,0.0,0.0
44,GROCERY I,2015-07-13,61799.0,59,51.45428571428572,Quito,Pichincha,A,5,0.0,0.0
44,GROCERY I,2015-07-20,58590.0,136,48.86,Quito,Pichincha,A,5,3.0,1.0
44,GROCERY I,2015-07-27,64034.0,128,47.68142857142857,Quito,Pichincha,A,5,0.0,0.0
44,GROCERY I,2015-08-03,57817.0,79,44.63285714285714,Quito,Pichincha,A,5,1.0,1.0
44,GROCERY I,2015-08-10,79048.0,87,42.98428571428571,Quito,Pichincha,A,5,2.0,1.0
44,GROCERY I,2015-08-17,58844.0,87,41.08714285714286,Quito,Pichincha,A,5,0.0,0.0
44,GROCERY I,2015-08-24,66053.0,81,42.029999999999994,Quito,Pichincha,A,5,1.0,1.0
44,GROCERY I,2015-08-31,80767.0,68,46.527142857142856,Quito,Pichincha,A,5,0.0,0.0
44,GROCERY I,2015-09-07,66120.0,75,45.167142857142856,Quito,Pichincha,A,5,0.0,0.0
44,GROCERY I,2015-09-14,66171.0,66,45.26142857142857,Quito,Pichincha,A,5,0.0,0.0
44,GROCERY I,2015-09-21,67266.0,95,45.565714285714286,Quito,Pichincha,A,5,0.0,0.0
44,GROCERY I,2015-09-28,82412.0,107,45.152857142857144,Quito,Pichincha,A,5,1.0,1.0
44,GROCERY I,2015-10-05,71202.0,104,48.73428571428571,Quito,Pichincha,A,5,2.0,1.0
44,GROCERY I,2015-10-12,68826.0,74,46.957142857142856,Quito,Pichincha,A,5,0.0,0.0
44,GROCERY I,2015-10-19,69970.0,54,44.8,Quito,Pichincha,A,5,0.0,0.0
44,GROCERY I,2015-10-26,74728.0,135,45.449999999999996,Quito,Pichincha,A,5,0.0,0.0
44,GROCERY I,2015-11-02,80611.0,202,45.50714285714286,Quito,Pichincha,A,5,4.0,1.0
44,GROCERY I,2015-11-09,65413.0,244,42.12285714285714,Quito,Pichincha,A,5,3.0,1.0
44,GROCERY I,2015-11-16,71344.0,313,40.26857142857143,Quito,Pichincha,A,5,0.0,0.0
44,GROCERY I,2015-11-23,72532.0,307,40.61571428571428,Quito,Pichincha,A,5,1.0,1.0
44,GROCERY I,2015-11-30,78170.0,301,40.28857142857142,Quito,Pichincha,A,5,3.0,1.0
44,GROCERY I,2015-12-07,90842.0,192,36.567142857142855,Quito,Pichincha,A,5,1.0,1.0
44,GROCERY I,2015-12-14,98851.0,103,35.47428571428571,Quito,Pichincha,A,5,0.0,0.0
44,GROCERY I,2015-12-21,80870.038,66,36.84428571428571,Quito,Pichincha,A,5,7.0,1.0
44,GROCERY I,2015-12-28,67539.0,81,37.050000000000004,Quito,Pichincha,A,5,2.0,1.0
44,GROCERY I,2016-01-04,78494.0,109,34.23428571428572,Quito,Pichincha,A,5,0.0,0.0
44,GROCERY I,2016-01-11,66891.0,113,30.261428571428574,Quito,Pichincha,A,5,0.0,0.0
44,GROCERY I,2016-01-18,63703.0,97,30.051428571428573,Quito,Pichincha,A,5,0.0,0.0
44,GROCERY I,2016-01-25,63867.0,192,32.33714285714286,Quito,Pichincha,A,5,0.0,0.0
44,GROCERY I,2016-02-01,63326.0,536,31.145714285714288,Quito,Pichincha,A,5,0.0,0.0
44,GROCERY I,2016-02-08,70024.0,689,28.48,Quito,Pichincha,A,5,2.0,1.0
44,GROCERY I,2016-02-15,67105.0,413,29.798571428571428,Quito,Pichincha,A,5,0.0,0.0
44,GROCERY I,2016-02-22,65134.0,253,31.415714285714284,Quito,Pichincha,A,5,0.0,0.0
44,GROCERY I,2016-02-29,77023.0,166,34.855714285714285,Quito,Pichincha,A,5,1.0,1.0
44,GROCERY I,2016-03-07,68079.0,187,37.92714285714286,Quito,Pichincha,A,5,0.0,0.0
44,GROCERY I,2016-03-14,65262.0,220,38.64714285714285,Quito,Pichincha,A,5,0.0,0.0
44,GROCERY I,2016-03-21,58072.0,233,38.885714285714286,Quito,Pichincha,A,5,1.0,1.0
44,GROCERY I,2016-03-28,75573.0,221,36.40428571428571,Quito,Pichincha,A,5,1.0,1.0
44,GROCERY I,2016-04-04,72295.0,465,37.582857142857144,Quito,Pichincha,A,5,0.0,0.0
44,GROCERY I,2016-04-11,81182.0,461,40.99,Quito,Pichincha,A,5,4.0,1.0
44,GROCERY I,2016-04-18,133578.0,308,42.114285714285714,Quito,Pichincha,A,5,8.0,1.0
44,GROCERY I,2016-04-25,81433.0,441,44.778571428571425,Quito,Pichincha,A,5,8.0,1.0
44,GROCERY I,2016-05-02,72951.0,510,44.32,Quito,Pichincha,A,5,9.0,1.0
44,GROCERY I,2016-05-09,70057.0,411,45.66285714285714,Quito,Pichincha,A,5,8.0,1.0
44,GROCERY I,2016-05-16,67238.0,332,47.9,Quito,Pichincha,A,5,1.0,1.0
44,GROCERY I,2016-05-23,67963.0,639,48.90571428571428,Quito,Pichincha,A,5,1.0,1.0
44,GROCERY I,2016-05-30,82890.0,791,48.962857142857146,Quito,Pichincha,A,5,0.0,0.0
44,GROCERY I,2016-06-06,68473.0,678,49.871428571428574,Quito,Pichincha,A,5,0.0,0.0
44,GROCERY I,2016-06-13,66048.0,772,47.92,Quito,Pichincha,A,5,0.0,0.0
44,GROCERY I,2016-06-20,63413.0,609,48.135714285714286,Quito,Pichincha,A,5,4.0,1.0
44,GROCERY I,2016-06-27,70414.0,412,48.41571428571429,Quito,Pichincha,A,5,2.0,1.0
44,GROCERY I,2016-07-04,66368.0,481,46.35,Quito,Pichincha,A,5,0.0,0.0
44,GROCERY I,2016-07-11,66893.0,490,45.69285714285714,Quito,Pichincha,A,5,0.0,0.0
44,GROCERY I,2016-07-18,60995.0,446,44.145714285714284,Quito,Pichincha,A,5,3.0,1.0
44,GROCERY I,2016-07-25,64516.0,429,41.74428571428571,Quito,Pichincha,A,5,0.0,0.0
44,GROCERY I,2016-08-01,71909.0,364,41.10857142857143,Quito,Pichincha,A,5,1.0,1.0
44,GROCERY I,2016-08-08,59301.0,343,43.50142857142857,Quito,Pichincha,A,5,1.0,1.0
44,GROCERY I,2016-08-15,66629.0,353,47.534285714285716,Quito,Pichincha,A,5,1.0,1.0
44,GROCERY I,2016-08-22,64878.0,381,47.21714285714285,Quito,Pichincha,A,5,1.0,1.0
44,GROCERY I,2016-08-29,74155.0,494,44.901428571428575,Quito,Pichincha,A,5,0.0,0.0
44,GROCERY I,2016-09-05,71848.0,421,45.71142857142858,Quito,Pichincha,A,5,0.0,0.0
44,GROCERY I,2016-09-12,69251.0,478,43.96857142857142,Quito,Pichincha,A,5,0.0,0.0
44,GROCERY I,2016-09-19,66071.0,636,44.528571428571425,Quito,Pichincha,A,5,0.0,0.0
44,GROCERY I,2016-09-26,81982.0,560,46.885714285714286,Quito,Pichincha,A,5,1.0,1.0
44,GROCERY I,2016-10-03,77987.0,607,49.56285714285714,Quito,Pichincha,A,5,2.0,1.0
44,GROCERY I,2016-10-10,69590.0,657,50.30571428571428,Quito,Pichincha,A,5,0.0,0.0
44,GROCERY I,2016-10-17,67894.0,427,50.57142857142857,Quito,Pichincha,A,5,0.0,0.0
44,GROCERY I,2016-10-24,68039.0,558,49.17857142857143,Quito,Pichincha,A,5,0.0,0.0
44,GROCERY I,2016-10-31,91757.0,638,45.097142857142856,Quito,Pichincha,A,5,4.0,1.0
44,GROCERY I,2016-11-07,87247.0,658,44.26142857142857,Quito,Pichincha,A,5,5.0,1.0
44,GROCERY I,2016-11-14,85308.0,774,45.30714285714286,Quito,Pichincha,A,5,0.0,0.0
44,GROCERY I,2016-11-21,80429.0,774,47.021428571428565,Quito,Pichincha,A,5,1.0,1.0
44,GROCERY I,2016-11-28,90098.0,842,49.50571428571429,Quito,Pichincha,A,5,1.0,1.0
44,GROCERY I,2016-12-05,97093.0,1018,51.12714285714286,Quito,Pichincha,A,5,3.0,1.0
44,GROCERY I,2016-12-12,112454.0,978,51.91857142857143,Quito,Pichincha,A,5,0.0,0.0
44,GROCERY I,2016-12-19,104174.0,836,51.971428571428575,Quito,Pichincha,A,5,6.0,1.0
44,GROCERY I,2016-12-26,69787.0,906,53.41285714285714,Quito,Pichincha,A,5,2.0,1.0
44,GROCERY I,2017-01-02,104794.0,670,53.582857142857144,Quito,Pichincha,A,5,1.0,1.0
44,GROCERY I,2017-01-09,82589.0,534,52.15,Quito,Pichincha,A,5,0.0,0.0
44,GROCERY I,2017-01-16,79654.0,506,52.044285714285714,Quito,Pichincha,A,5,0.0,0.0
44,GROCERY I,2017-01-23,71986.0,428,52.86714285714286,Quito,Pichincha,A,5,0.0,0.0
44,GROCERY I,2017-01-30,83050.0,398,53.465714285714284,Quito,Pichincha,A,5,0.0,0.0
44,GROCERY I,2017-02-06,75022.0,405,53.15428571428571,Quito,Pichincha,A,5,0.0,0.0
44,GROCERY I,2017-02-13,74715.0,391,53.27428571428571,Quito,Pichincha,A,5,0.0,0.0
44,GROCERY I,2017-02-20,66701.0,497,53.92714285714286,Quito,Pichincha,A,5,0.0,0.0
44,GROCERY I,2017-02-27,92651.0,469,53.49714285714286,Quito,Pichincha,A,5,3.0,1.0
44,GROCERY I,2017-03-06,74789.0,260,49.8,Quito,Pichincha,A,5,0.0,0.0
44,GROCERY I,2017-03-13,80439.0,214,48.121428571428574,Quito,Pichincha,A,5,0.0,0.0
44,GROCERY I,2017-03-20,75925.0,220,47.285714285714285,Quito,Pichincha,A,5,0.0,0.0
44,GROCERY I,2017-03-27,81596.0,314,49.53857142857142,Quito,Pichincha,A,5,1.0,1.0
44,GROCERY I,2017-04-03,70097.0,397,51.54571428571428,Quito,Pichincha,A,5,0.0,0.0
44,GROCERY I,2017-04-10,71925.0,592,53.18857142857143,Quito,Pichincha,A,5,3.0,1.0
44,GROCERY I,2017-04-17,71825.0,734,50.67857142857143,Quito,Pichincha,A,5,1.0,1.0
44,GROCERY I,2017-04-24,71824.0,747,49.175714285714285,Quito,Pichincha,A,5,0.0,0.0
44,GROCERY I,2017-05-01,86461.0,574,46.93,Quito,Pichincha,A,5,1.0,1.0
44,GROCERY I,2017-05-08,69714.0,450,47.26857142857143,Quito,Pichincha,A,5,3.0,1.0
44,GROCERY I,2017-05-15,77567.0,380,49.55142857142857,Quito,Pichincha,A,5,0.0,0.0
44,GROCERY I,2017-05-22,73069.0,334,50.03285714285715,Quito,Pichincha,A,5,1.0,1.0
44,GROCERY I,2017-05-29,80488.0,330,48.40857142857143,Quito,Pichincha,A,5,0.0,0.0
44,GROCERY I,2017-06-05,77123.0,443,46.35285714285715,Quito,Pichincha,A,5,0.0,0.0
44,GROCERY I,2017-06-12,71568.0,503,45.137142857142855,Quito,Pichincha,A,5,0.0,0.0
44,GROCERY I,2017-06-19,73468.0,536,43.02428571428572,Quito,Pichincha,A,5,4.0,1.0
44,GROCERY I,2017-06-26,80030.0,532,45.02428571428572,Quito,Pichincha,A,5,0.0,0.0
44,GROCERY I,2017-07-03,77706.0,570,45.06,Quito,Pichincha,A,5,2.0,1.0
44,GROCERY I,2017-07-10,69860.0,533,45.798571428571435,Quito,Pichincha,A,5,0.0,0.0
44,GROCERY I,2017-07-17,73791.0,630,46.22714285714286,Quito,Pichincha,A,5,1.0,1.0
44,GROCERY I,2017-07-24,71142.0,607,48.68142857142857,Quito,Pichincha,A,5,2.0,1.0
44,GROCERY I,2017-07-31,75507.0,371,49.534285714285716,Quito,Pichincha,A,5,1.0,1.0
44,GROCERY I,2017-08-07,61038.0,281,49.0,Quito,Pichincha,A,5,1.0,1.0
44,GROCERY I,2017-08-14,16441.0,76,47.82857142857143,Quito,Pichincha,A,5,1.0,1.0
45,BEVERAGES,2012-12-31,20309.0,0,93.09400000000001,Quito,Pichincha,A,11,4.0,1.0
45,BEVERAGES,2013-01-07,23239.0,0,93.44285714285715,Quito,Pichincha,A,11,1.0,1.0
45,BEVERAGES,2013-01-14,23367.0,0,94.87571428571428,Quito,Pichincha,A,11,0.0,0.0
45,BEVERAGES,2013-01-21,20161.0,0,95.36571428571429,Quito,Pichincha,A,11,0.0,0.0
45,BEVERAGES,2013-01-28,20435.0,0,97.36857142857143,Quito,Pichincha,A,11,0.0,0.0
45,BEVERAGES,2013-02-04,17118.0,0,96.04285714285713,Quito,Pichincha,A,11,0.0,0.0
45,BEVERAGES,2013-02-11,21360.0,0,96.66714285714286,Quito,Pichincha,A,11,2.0,1.0
45,BEVERAGES,2013-02-18,20897.0,0,94.24428571428572,Quito,Pichincha,A,11,0.0,0.0
45,BEVERAGES,2013-02-25,23245.0,0,91.76714285714286,Quito,Pichincha,A,11,1.0,1.0
45,BEVERAGES,2013-03-04,23540.0,0,91.29142857142857,Quito,Pichincha,A,11,0.0,0.0
45,BEVERAGES,2013-03-11,21259.0,0,92.92571428571429,Quito,Pichincha,A,11,0.0,0.0
45,BEVERAGES,2013-03-18,20213.0,0,93.14999999999999,Quito,Pichincha,A,11,0.0,0.0
45,BEVERAGES,2013-03-25,23031.0,0,96.57571428571428,Quito,Pichincha,A,11,0.0,0.0
45,BEVERAGES,2013-04-01,23900.0,0,94.41285714285713,Quito,Pichincha,A,11,1.0,1.0
45,BEVERAGES,2013-04-08,22174.0,0,92.75142857142858,Quito,Pichincha,A,11,2.0,1.0
45,BEVERAGES,2013-04-15,21690.0,0,88.01142857142858,Quito,Pichincha,A,11,1.0,1.0
45,BEVERAGES,2013-04-22,21430.0,0,91.46428571428571,Quito,Pichincha,A,11,0.0,0.0
45,BEVERAGES,2013-04-29,24397.0,0,93.92857142857143,Quito,Pichincha,A,11,2.0,1.0
45,BEVERAGES,2013-05-06,20458.0,0,95.83428571428571,Quito,Pichincha,A,11,3.0,1.0
45,BEVERAGES,2013-05-13,22723.0,0,94.9542857142857,Quito,Pichincha,A,11,0.0,0.0
45,BEVERAGES,2013-05-20,20625.0,0,94.49428571428572,Quito,Pichincha,A,11,1.0,1.0
45,BEVERAGES,2013-05-27,21325.0,0,92.99714285714286,Quito,Pichincha,A,11,0.0,0.0
45,BEVERAGES,2013-06-03,23347.0,0,94.78142857142858,Quito,Pichincha,A,11,0.0,0.0
45,BEVERAGES,2013-06-10,21265.0,0,96.77857142857144,Quito,Pichincha,A,11,0.0,0.0
45,BEVERAGES,2013-06-17,22398.0,0,95.84,Quito,Pichincha,A,11,1.0,1.0
45,BEVERAGES,2013-06-24,21005.0,0,95.98142857142857,Quito,Pichincha,A,11,3.0,1.0
45,BEVERAGES,2013-07-01,20964.0,0,101.52857142857144,Quito,Pichincha,A,11,2.0,1.0
45,BEVERAGES,2013-07-08,18984.0,0,105.03142857142858,Quito,Pichincha,A,11,0.0,0.0
45,BEVERAGES,2013-07-15,19825.0,0,107.20142857142856,Quito,Pichincha,A,11,0.0,0.0
45,BEVERAGES,2013-07-22,20097.0,0,105.55714285714285,Quito,Pichincha,A,11,3.0,1.0
45,BEVERAGES,2013-07-29,21126.0,0,105.94285714285715,Quito,Pichincha,A,11,0.0,0.0
45,BEVERAGES,2013-08-05,18525.0,0,105.41571428571429,Quito,Pichincha,A,11,2.0,1.0
45,BEVERAGES,2013-08-12,17575.0,0,107.14714285714285,Quito,Pichincha,A,11,1.0,1.0
45,BEVERAGES,2013-08-19,17406.0,0,105.76285714285714,Quito,Pichincha,A,11,1.0,1.0
45,BEVERAGES,2013-08-26,22337.0,0,108.23,Quito,Pichincha,A,11,0.0,0.0
45,BEVERAGES,2013-09-02,23568.0,0,109.1857142857143,Quito,Pichincha,A,11,0.0,0.0
45,BEVERAGES,2013-09-09,20828.0,0,108.34285714285714,Quito,Pichincha,A,11,0.0,0.0
45,BEVERAGES,2013-09-16,20356.0,0,105.78428571428572,Quito,Pichincha,A,11,0.0,0.0
45,BEVERAGES,2013-09-23,21377.0,0,103.02857142857144,Quito,Pichincha,A,11,1.0,1.0
45,BEVERAGES,2013-09-30,23892.0,0,103.34,Quito,Pichincha,A,11,0.0,0.0
45,BEVERAGES,2013-10-07,21607.0,0,102.54714285714286,Quito,Pichincha,A,11,2.0,1.0
45,BEVERAGES,2013-10-14,20511.0,0,101.32571428571428,Quito,Pichincha,A,11,0.0,0.0
45,BEVERAGES,2013-10-21,19863.0,0,97.52285714285715,Quito,Pichincha,A,11,0.0,0.0
45,BEVERAGES,2013-10-28,21581.0,0,96.25857142857144,Quito,Pichincha,A,11,2.0,1.0
45,BEVERAGES,2013-11-04,22252.0,0,94.37857142857142,Quito,Pichincha,A,11,3.0,1.0
45,BEVERAGES,2013-11-11,21994.0,0,93.90285714285713,Quito,Pichincha,A,11,2.0,1.0
45,BEVERAGES,2013-11-18,21129.0,0,94.0942857142857,Quito,Pichincha,A,11,0.0,0.0
45,BEVERAGES,2013-11-25,22412.0,0,92.71714285714286,Quito,Pichincha,A,11,0.0,0.0
45,BEVERAGES,2013-12-02,23795.0,0,96.57000000000001,Quito,Pichincha,A,11,3.0,1.0
45,BEVERAGES,2013-12-09,22229.0,0,96.95571428571428,Quito,Pichincha,A,11,0.0,0.0
45,BEVERAGES,2013-12-16,24988.0,0,98.21285714285715,Quito,Pichincha,A,11,3.0,1.0
45,BEVERAGES,2013-12-23,23117.0,0,99.33714285714287,Quito,Pichincha,A,11,4.0,1.0
45,BEVERAGES,2013-12-30,55077.0,0,95.90857142857143,Quito,Pichincha,A,11,2.0,1.0
45,BEVERAGES,2014-01-06,53390.0,0,92.40857142857143,Quito,Pichincha,A,11,0.0,0.0
45,BEVERAGES,2014-01-13,53425.0,0,93.25714285714285,Quito,Pichincha,A,11,0.0,0.0
45,BEVERAGES,2014-01-20,49235.0,0,96.00428571428571,Quito,Pichincha,A,11,0.0,0.0
45,BEVERAGES,2014-01-27,35856.0,0,97.36428571428571,Quito,Pichincha,A,11,0.0,0.0
45,BEVERAGES,2014-02-03,21809.0,0,98.40857142857143,Quito,Pichincha,A,11,0.0,0.0
45,BEVERAGES,2014-02-10,25141.0,0,100.23714285714286,Quito,Pichincha,A,11,0.0,0.0
45,BEVERAGES,2014-02-17,23746.0,0,102.44285714285715,Quito,Pichincha,A,11,0.0,0.0
45,BEVERAGES,2014-02-24,32839.0,0,102.80285714285715,Quito,Pichincha,A,11,1.0,1.0
45,BEVERAGES,2014-03-03,62760.0,0,103.00142857142858,Quito,Pichincha,A,11,2.0,1.0
45,BEVERAGES,2014-03-10,52107.0,0,99.46142857142857,Quito,Pichincha,A,11,0.0,0.0
45,BEVERAGES,2014-03-17,51085.0,0,99.83,Quito,Pichincha,A,11,0.0,0.0
45,BEVERAGES,2014-03-24,52915.0,0,100.96571428571428,Quito,Pichincha,A,11,0.0,0.0
45,BEVERAGES,2014-03-31,32642.0,0,100.66142857142857,Quito,Pichincha,A,11,1.0,1.0
45,BEVERAGES,2014-04-07,25364.0,0,102.99428571428572,Quito,Pichincha,A,11,1.0,1.0
45,BEVERAGES,2014-04-14,26291.0,0,104.11142857142856,Quito,Pichincha,A,11,2.0,1.0
45,BEVERAGES,2014-04-21,24619.0,0,101.75142857142858,Quito,Pichincha,A,11,1.0,1.0
45,BEVERAGES,2014-04-28,26306.0,0,100.38857142857144,Quito,Pichincha,A,11,1.0,1.0
45,BEVERAGES,2014-05-05,22620.0,0,100.29857142857142,Quito,Pichincha,A,11,2.0,1.0
45,BEVERAGES,2014-05-12,24519.0,0,102.02857142857144,Quito,Pichincha,A,11,1.0,1.0
45,BEVERAGES,2014-05-19,23678.0,0,104.16,Quito,Pichincha,A,11,1.0,1.0
45,BEVERAGES,2014-05-26,24442.0,0,103.94571428571429,Quito,Pichincha,A,11,0.0,0.0
45,BEVERAGES,2014-06-02,26549.0,0,103.25857142857141,Quito,Pichincha,A,11,0.0,0.0
45,BEVERAGES,2014-06-09,24765.0,0,106.40285714285713,Quito,Pichincha,A,11,2.0,1.0
45,BEVERAGES,2014-06-16,27333.0,0,107.4342857142857,Quito,Pichincha,A,11,1.0,1.0
45,BEVERAGES,2014-06-23,24191.0,1,106.62571428571428,Quito,Pichincha,A,11,7.0,1.0
45,BEVERAGES,2014-06-30,55604.0,8,105.19285714285715,Quito,Pichincha,A,11,6.0,1.0
45,BEVERAGES,2014-07-07,48638.0,10,102.74714285714286,Quito,Pichincha,A,11,4.0,1.0
45,BEVERAGES,2014-07-14,53909.0,7,102.78571428571429,Quito,Pichincha,A,11,0.0,0.0
45,BEVERAGES,2014-07-21,52620.0,6,104.59857142857143,Quito,Pichincha,A,11,3.0,1.0
45,BEVERAGES,2014-07-28,46833.0,2,100.9557142857143,Quito,Pichincha,A,11,0.0,0.0
45,BEVERAGES,2014-08-04,22488.0,8,97.52857142857144,Quito,Pichincha,A,11,2.0,1.0
45,BEVERAGES,2014-08-11,22954.0,16,97.20857142857143,Quito,Pichincha,A,11,1.0,1.0
45,BEVERAGES,2014-08-18,22524.0,18,94.57000000000001,Quito,Pichincha,A,11,1.0,1.0
45,BEVERAGES,2014-08-25,25369.0,4,96.71571428571428,Quito,Pichincha,A,11,0.0,0.0
45,BEVERAGES,2014-09-01,64127.0,10,94.39285714285714,Quito,Pichincha,A,11,0.0,0.0
45,BEVERAGES,2014-09-08,52680.0,19,92.35857142857142,Quito,Pichincha,A,11,0.0,0.0
45,BEVERAGES,2014-09-15,53601.0,21,93.20857142857143,Quito,Pichincha,A,11,0.0,0.0
45,BEVERAGES,2014-09-22,52620.0,20,93.83571428571429,Quito,Pichincha,A,11,1.0,1.0
45,BEVERAGES,2014-09-29,63101.0,16,90.96285714285715,Quito,Pichincha,A,11,0.0,0.0
45,BEVERAGES,2014-10-06,55624.0,14,87.12571428571428,Quito,Pichincha,A,11,2.0,1.0
45,BEVERAGES,2014-10-13,54550.0,12,82.85714285714286,Quito,Pichincha,A,11,0.0,0.0
45,BEVERAGES,2014-10-20,53503.0,7,81.87857142857142,Quito,Pichincha,A,11,0.0,0.0
45,BEVERAGES,2014-10-27,47846.0,5,81.07428571428571,Quito,Pichincha,A,11,1.0,1.0
45,BEVERAGES,2014-11-03,69934.0,9,78.37571428571428,Quito,Pichincha,A,11,3.0,1.0
45,BEVERAGES,2014-11-10,53462.0,5,76.32857142857142,Quito,Pichincha,A,11,3.0,1.0
45,BEVERAGES,2014-11-17,52524.0,35,75.7042857142857,Quito,Pichincha,A,11,0.0,0.0
45,BEVERAGES,2014-11-24,54225.0,31,70.71428571428571,Quito,Pichincha,A,11,1.0,1.0
45,BEVERAGES,2014-12-01,60820.0,35,66.81,Quito,Pichincha,A,11,3.0,1.0
45,BEVERAGES,2014-12-08,56856.0,33,60.18571428571429,Quito,Pichincha,A,11,1.0,1.0
45,BEVERAGES,2014-12-15,55445.0,41,56.18142857142857,Quito,Pichincha,A,11,2.0,1.0
45,BEVERAGES,2014-12-22,49732.0,54,55.314285714285724,Quito,Pichincha,A,11,7.0,1.0
45,BEVERAGES,2014-12-29,46329.0,32,53.237142857142864,Quito,Pichincha,A,11,3.0,1.0
45,BEVERAGES,2015-01-05,30812.0,15,48.652857142857144,Quito,Pichincha,A,11,1.0,1.0
45,BEVERAGES,2015-01-12,27758.0,11,47.472857142857144,Quito,Pichincha,A,11,0.0,0.0
45,BEVERAGES,2015-01-19,24872.0,8,46.40571428571428,Quito,Pichincha,A,11,0.0,0.0
45,BEVERAGES,2015-01-26,25923.0,8,46.029999999999994,Quito,Pichincha,A,11,0.0,0.0
45,BEVERAGES,2015-02-02,24453.0,10,50.885714285714286,Quito,Pichincha,A,11,0.0,0.0
45,BEVERAGES,2015-02-09,20377.0,12,51.57142857142857,Quito,Pichincha,A,11,0.0,0.0
45,BEVERAGES,2015-02-16,29438.0,5,51.33142857142857,Quito,Pichincha,A,11,2.0,1.0
45,BEVERAGES,2015-02-23,25686.0,5,49.35142857142858,Quito,Pichincha,A,11,0.0,0.0
45,BEVERAGES,2015-03-02,28228.0,5,50.16285714285714,Quito,Pichincha,A,11,1.0,1.0
45,BEVERAGES,2015-03-09,27446.0,0,46.88428571428572,Quito,Pichincha,A,11,0.0,0.0
45,BEVERAGES,2015-03-16,24557.0,1,44.85285714285715,Quito,Pichincha,A,11,0.0,0.0
45,BEVERAGES,2015-03-23,24323.0,4,48.72571428571428,Quito,Pichincha,A,11,0.0,0.0
45,BEVERAGES,2015-03-30,26654.0,7,49.00285714285714,Quito,Pichincha,A,11,2.0,1.0
45,BEVERAGES,2015-04-06,27445.0,9,51.73571428571428,Quito,Pichincha,A,11,1.0,1.0
45,BEVERAGES,2015-04-13,26951.0,12,55.04571428571428,Quito,Pichincha,A,11,1.0,1.0
45,BEVERAGES,2015-04-20,25364.0,21,56.09285714285714,Quito,Pichincha,A,11,1.0,1.0
45,BEVERAGES,2015-04-27,29841.0,20,58.29714285714285,Quito,Pichincha,A,11,1.0,1.0
45,BEVERAGES,2015-05-04,28449.0,22,59.635714285714286,Quito,Pichincha,A,11,2.0,1.0
45,BEVERAGES,2015-05-11,35564.0,18,59.93285714285714,Quito,Pichincha,A,11,1.0,1.0
45,BEVERAGES,2015-05-18,33181.0,9,58.93142857142857,Quito,Pichincha,A,11,1.0,1.0
45,BEVERAGES,2015-05-25,56182.0,18,58.87428571428571,Quito,Pichincha,A,11,0.0,0.0
45,BEVERAGES,2015-06-01,63208.0,21,59.50571428571429,Quito,Pichincha,A,11,0.0,0.0
45,BEVERAGES,2015-06-08,55557.0,28,60.04,Quito,Pichincha,A,11,0.0,0.0
45,BEVERAGES,2015-06-15,58393.0,22,59.81428571428571,Quito,Pichincha,A,11,0.0,0.0
45,BEVERAGES,2015-06-22,58810.0,22,59.84142857142857,Quito,Pichincha,A,11,4.0,1.0
45,BEVERAGES,2015-06-29,59837.0,18,57.49714285714286,Quito,Pichincha,A,11,2.0,1.0
45,BEVERAGES,2015-07-06,58996.0,30,52.48571428571428,Quito,Pichincha,A,11,0.0,0.0
45,BEVERAGES,2015-07-13,51425.0,31,51.45428571428572,Quito,Pichincha,A,11,0.0,0.0
45,BEVERAGES,2015-07-20,50043.0,79,48.86,Quito,Pichincha,A,11,3.0,1.0
45,BEVERAGES,2015-07-27,54304.0,63,47.68142857142857,Quito,Pichincha,A,11,0.0,0.0
45,BEVERAGES,2015-08-03,53668.0,45,44.63285714285714,Quito,Pichincha,A,11,1.0,1.0
45,BEVERAGES,2015-08-10,67906.0,43,42.98428571428571,Quito,Pichincha,A,11,2.0,1.0
45,BEVERAGES,2015-08-17,54393.0,49,41.08714285714286,Quito,Pichincha,A,11,0.0,0.0
45,BEVERAGES,2015-08-24,54677.0,59,42.029999999999994,Quito,Pichincha,A,11,1.0,1.0
45,BEVERAGES,2015-08-31,76952.0,37,46.527142857142856,Quito,Pichincha,A,11,0.0,0.0
45,BEVERAGES,2015-09-07,62273.0,53,45.167142857142856,Quito,Pichincha,A,11,0.0,0.0
45,BEVERAGES,2015-09-14,59761.0,65,45.26142857142857,Quito,Pichincha,A,11,0.0,0.0
45,BEVERAGES,2015-09-21,58807.0,81,45.565714285714286,Quito,Pichincha,A,11,0.0,0.0
45,BEVERAGES,2015-09-28,69123.0,41,45.152857142857144,Quito,Pichincha,A,11,1.0,1.0
45,BEVERAGES,2015-10-05,61255.0,35,48.73428571428571,Quito,Pichincha,A,11,2.0,1.0
45,BEVERAGES,2015-10-12,56486.0,46,46.957142857142856,Quito,Pichincha,A,11,0.0,0.0
45,BEVERAGES,2015-10-19,55912.0,20,44.8,Quito,Pichincha,A,11,0.0,0.0
45,BEVERAGES,2015-10-26,48285.0,89,45.449999999999996,Quito,Pichincha,A,11,0.0,0.0
45,BEVERAGES,2015-11-02,74419.0,185,45.50714285714286,Quito,Pichincha,A,11,4.0,1.0
45,BEVERAGES,2015-11-09,56089.0,219,42.12285714285714,Quito,Pichincha,A,11,3.0,1.0
45,BEVERAGES,2015-11-16,59015.0,228,40.26857142857143,Quito,Pichincha,A,11,0.0,0.0
45,BEVERAGES,2015-11-23,61311.0,219,40.61571428571428,Quito,Pichincha,A,11,1.0,1.0
45,BEVERAGES,2015-11-30,71002.0,209,40.28857142857142,Quito,Pichincha,A,11,3.0,1.0
45,BEVERAGES,2015-12-07,63664.0,196,36.567142857142855,Quito,Pichincha,A,11,1.0,1.0
45,BEVERAGES,2015-12-14,61803.0,206,35.47428571428571,Quito,Pichincha,A,11,0.0,0.0
45,BEVERAGES,2015-12-21,58524.0,160,36.84428571428571,Quito,Pichincha,A,11,7.0,1.0
45,BEVERAGES,2015-12-28,74691.0,107,37.050000000000004,Quito,Pichincha,A,11,2.0,1.0
45,BEVERAGES,2016-01-04,72096.0,36,34.23428571428572,Quito,Pichincha,A,11,0.0,0.0
45,BEVERAGES,2016-01-11,60881.0,27,30.261428571428574,Quito,Pichincha,A,11,0.0,0.0
45,BEVERAGES,2016-01-18,58341.0,32,30.051428571428573,Quito,Pichincha,A,11,0.0,0.0
45,BEVERAGES,2016-01-25,57646.0,137,32.33714285714286,Quito,Pichincha,A,11,0.0,0.0
45,BEVERAGES,2016-02-01,53491.0,248,31.145714285714288,Quito,Pichincha,A,11,0.0,0.0
45,BEVERAGES,2016-02-08,62446.0,268,28.48,Quito,Pichincha,A,11,2.0,1.0
45,BEVERAGES,2016-02-15,61752.0,96,29.798571428571428,Quito,Pichincha,A,11,0.0,0.0
45,BEVERAGES,2016-02-22,59517.0,228,31.415714285714284,Quito,Pichincha,A,11,0.0,0.0
45,BEVERAGES,2016-02-29,66689.0,133,34.855714285714285,Quito,Pichincha,A,11,1.0,1.0
45,BEVERAGES,2016-03-07,56674.0,113,37.92714285714286,Quito,Pichincha,A,11,0.0,0.0
45,BEVERAGES,2016-03-14,57775.0,104,38.64714285714285,Quito,Pichincha,A,11,0.0,0.0
45,BEVERAGES,2016-03-21,58340.0,58,38.885714285714286,Quito,Pichincha,A,11,1.0,1.0
45,BEVERAGES,2016-03-28,65205.0,52,36.40428571428571,Quito,Pichincha,A,11,1.0,1.0
45,BEVERAGES,2016-04-04,64193.0,253,37.582857142857144,Quito,Pichincha,A,11,0.0,0.0
45,BEVERAGES,2016-04-11,58350.0,250,40.99,Quito,Pichincha,A,11,4.0,1.0
45,BEVERAGES,2016-04-18,78777.0,178,42.114285714285714,Quito,Pichincha,A,11,8.0,1.0
45,BEVERAGES,2016-04-25,63588.0,228,44.778571428571425,Quito,Pichincha,A,11,8.0,1.0
45,BEVERAGES,2016-05-02,58423.0,156,44.32,Quito,Pichincha,A,11,9.0,1.0
45,BEVERAGES,2016-05-09,58452.0,155,45.66285714285714,Quito,Pichincha,A,11,8.0,1.0
45,BEVERAGES,2016-05-16,56795.0,112,47.9,Quito,Pichincha,A,11,1.0,1.0
45,BEVERAGES,2016-05-23,58447.0,273,48.90571428571428,Quito,Pichincha,A,11,1.0,1.0
45,BEVERAGES,2016-05-30,65551.0,372,48.962857142857146,Quito,Pichincha,A,11,0.0,0.0
45,BEVERAGES,2016-06-06,55737.0,354,49.871428571428574,Quito,Pichincha,A,11,0.0,0.0
45,BEVERAGES,2016-06-13,56163.0,324,47.92,Quito,Pichincha,A,11,0.0,0.0
45,BEVERAGES,2016-06-20,56035.0,167,48.135714285714286,Quito,Pichincha,A,11,4.0,1.0
45,BEVERAGES,2016-06-27,60390.0,61,48.41571428571429,Quito,Pichincha,A,11,2.0,1.0
45,BEVERAGES,2016-07-04,59163.0,171,46.35,Quito,Pichincha,A,11,0.0,0.0
45,BEVERAGES,2016-07-11,56383.0,121,45.69285714285714,Quito,Pichincha,A,11,0.0,0.0
45,BEVERAGES,2016-07-18,54268.0,81,44.145714285714284,Quito,Pichincha,A,11,3.0,1.0
45,BEVERAGES,2016-07-25,54806.0,64,41.74428571428571,Quito,Pichincha,A,11,0.0,0.0
45,BEVERAGES,2016-08-01,59172.0,257,41.10857142857143,Quito,Pichincha,A,11,1.0,1.0
45,BEVERAGES,2016-08-08,54513.0,396,43.50142857142857,Quito,Pichincha,A,11,1.0,1.0
45,BEVERAGES,2016-08-15,56805.0,419,47.534285714285716,Quito,Pichincha,A,11,1.0,1.0
45,BEVERAGES,2016-08-22,54914.0,304,47.21714285714285,Quito,Pichincha,A,11,1.0,1.0
45,BEVERAGES,2016-08-29,62697.0,175,44.901428571428575,Quito,Pichincha,A,11,0.0,0.0
45,BEVERAGES,2016-09-05,66910.0,135,45.71142857142858,Quito,Pichincha,A,11,0.0,0.0
45,BEVERAGES,2016-09-12,59079.0,286,43.96857142857142,Quito,Pichincha,A,11,0.0,0.0
45,BEVERAGES,2016-09-19,56556.0,456,44.528571428571425,Quito,Pichincha,A,11,0.0,0.0
45,BEVERAGES,2016-09-26,66003.0,478,46.885714285714286,Quito,Pichincha,A,11,1.0,1.0
45,BEVERAGES,2016-10-03,64791.0,262,49.56285714285714,Quito,Pichincha,A,11,2.0,1.0
45,BEVERAGES,2016-10-10,60380.0,111,50.30571428571428,Quito,Pichincha,A,11,0.0,0.0
45,BEVERAGES,2016-10-17,60122.0,142,50.57142857142857,Quito,Pichincha,A,11,0.0,0.0
45,BEVERAGES,2016-10-24,60868.0,337,49.17857142857143,Quito,Pichincha,A,11,0.0,0.0
45,BEVERAGES,2016-10-31,86659.0,359,45.097142857142856,Quito,Pichincha,A,11,4.0,1.0
45,BEVERAGES,2016-11-07,73107.0,389,44.26142857142857,Quito,Pichincha,A,11,5.0,1.0
45,BEVERAGES,2016-11-14,71037.0,421,45.30714285714286,Quito,Pichincha,A,11,0.0,0.0
45,BEVERAGES,2016-11-21,70818.0,540,47.021428571428565,Quito,Pichincha,A,11,1.0,1.0
45,BEVERAGES,2016-11-28,71962.0,577,49.50571428571429,Quito,Pichincha,A,11,1.0,1.0
45,BEVERAGES,2016-12-05,74733.0,585,51.12714285714286,Quito,Pichincha,A,11,3.0,1.0
45,BEVERAGES,2016-12-12,66387.0,527,51.91857142857143,Quito,Pichincha,A,11,0.0,0.0
45,BEVERAGES,2016-12-19,59533.0,465,51.971428571428575,Quito,Pichincha,A,11,6.0,1.0
45,BEVERAGES,2016-12-26,64563.0,444,53.41285714285714,Quito,Pichincha,A,11,2.0,1.0
45,BEVERAGES,2017-01-02,104913.0,326,53.582857142857144,Quito,Pichincha,A,11,1.0,1.0
45,BEVERAGES,2017-01-09,76595.0,311,52.15,Quito,Pichincha,A,11,0.0,0.0
45,BEVERAGES,2017-01-16,79824.0,351,52.044285714285714,Quito,Pichincha,A,11,0.0,0.0
45,BEVERAGES,2017-01-23,66669.0,284,52.86714285714286,Quito,Pichincha,A,11,0.0,0.0
45,BEVERAGES,2017-01-30,68140.0,208,53.465714285714284,Quito,Pichincha,A,11,0.0,0.0
45,BEVERAGES,2017-02-06,64838.0,166,53.15428571428571,Quito,Pichincha,A,11,0.0,0.0
45,BEVERAGES,2017-02-13,59602.0,145,53.27428571428571,Quito,Pichincha,A,11,0.0,0.0
45,BEVERAGES,2017-02-20,58819.0,143,53.92714285714286,Quito,Pichincha,A,11,0.0,0.0
45,BEVERAGES,2017-02-27,86508.0,155,53.49714285714286,Quito,Pichincha,A,11,3.0,1.0
45,BEVERAGES,2017-03-06,74375.0,218,49.8,Quito,Pichincha,A,11,0.0,0.0
45,BEVERAGES,2017-03-13,80699.0,274,48.121428571428574,Quito,Pichincha,A,11,0.0,0.0
45,BEVERAGES,2017-03-20,77588.0,236,47.285714285714285,Quito,Pichincha,A,11,0.0,0.0
45,BEVERAGES,2017-03-27,75379.0,130,49.53857142857142,Quito,Pichincha,A,11,1.0,1.0
45,BEVERAGES,2017-04-03,64380.0,69,51.54571428571428,Quito,Pichincha,A,11,0.0,0.0
45,BEVERAGES,2017-04-10,71196.0,200,53.18857142857143,Quito,Pichincha,A,11,3.0,1.0
45,BEVERAGES,2017-04-17,68362.0,262,50.67857142857143,Quito,Pichincha,A,11,1.0,1.0
45,BEVERAGES,2017-04-24,63063.0,299,49.175714285714285,Quito,Pichincha,A,11,0.0,0.0
45,BEVERAGES,2017-05-01,80106.0,226,46.93,Quito,Pichincha,A,11,1.0,1.0
45,BEVERAGES,2017-05-08,60600.0,236,47.26857142857143,Quito,Pichincha,A,11,3.0,1.0
45,BEVERAGES,2017-05-15,68772.0,246,49.55142857142857,Quito,Pichincha,A,11,0.0,0.0
45,BEVERAGES,2017-05-22,67436.0,252,50.03285714285715,Quito,Pichincha,A,11,1.0,1.0
45,BEVERAGES,2017-05-29,77755.0,230,48.40857142857143,Quito,Pichincha,A,11,0.0,0.0
45,BEVERAGES,2017-06-05,74914.0,241,46.35285714285715,Quito,Pichincha,A,11,0.0,0.0
45,BEVERAGES,2017-06-12,68539.0,226,45.137142857142855,Quito,Pichincha,A,11,0.0,0.0
45,BEVERAGES,2017-06-19,68315.0,241,43.02428571428572,Quito,Pichincha,A,11,4.0,1.0
45,BEVERAGES,2017-06-26,69820.0,230,45.02428571428572,Quito,Pichincha,A,11,0.0,0.0
45,BEVERAGES,2017-07-03,74195.0,320,45.06,Quito,Pichincha,A,11,2.0,1.0
45,BEVERAGES,2017-07-10,70501.0,366,45.798571428571435,Quito,Pichincha,A,11,0.0,0.0
45,BEVERAGES,2017-07-17,68986.0,313,46.22714285714286,Quito,Pichincha,A,11,1.0,1.0
45,BEVERAGES,2017-07-24,68452.0,231,48.68142857142857,Quito,Pichincha,A,11,2.0,1.0
45,BEVERAGES,2017-07-31,69629.0,141,49.534285714285716,Quito,Pichincha,A,11,1.0,1.0
45,BEVERAGES,2017-08-07,56991.0,87,49.0,Quito,Pichincha,A,11,1.0,1.0
45,BEVERAGES,2017-08-14,14444.0,23,47.82857142857143,Quito,Pichincha,A,11,1.0,1.0
46,MEATS,2012-12-31,8324.8601,0,93.09400000000001,Quito,Pichincha,A,14,4.0,1.0
46,MEATS,2013-01-07,9583.864,0,93.44285714285715,Quito,Pichincha,A,14,1.0,1.0
46,MEATS,2013-01-14,8913.38,0,94.87571428571428,Quito,Pichincha,A,14,0.0,0.0
46,MEATS,2013-01-21,8902.385,0,95.36571428571429,Quito,Pichincha,A,14,0.0,0.0
46,MEATS,2013-01-28,9452.66714,0,97.36857142857143,Quito,Pichincha,A,14,0.0,0.0
46,MEATS,2013-02-04,7997.988,0,96.04285714285713,Quito,Pichincha,A,14,0.0,0.0
46,MEATS,2013-02-11,8205.656,0,96.66714285714286,Quito,Pichincha,A,14,2.0,1.0
46,MEATS,2013-02-18,8480.065,0,94.24428571428572,Quito,Pichincha,A,14,0.0,0.0
46,MEATS,2013-02-25,9681.8561,0,91.76714285714286,Quito,Pichincha,A,14,1.0,1.0
46,MEATS,2013-03-04,8933.658,0,91.29142857142857,Quito,Pichincha,A,14,0.0,0.0
46,MEATS,2013-03-11,8681.8022,0,92.92571428571429,Quito,Pichincha,A,14,0.0,0.0
46,MEATS,2013-03-18,8488.471,0,93.14999999999999,Quito,Pichincha,A,14,0.0,0.0
46,MEATS,2013-03-25,7599.941,0,96.57571428571428,Quito,Pichincha,A,14,0.0,0.0
46,MEATS,2013-04-01,9796.918,0,94.41285714285713,Quito,Pichincha,A,14,1.0,1.0
46,MEATS,2013-04-08,8368.518,0,92.75142857142858,Quito,Pichincha,A,14,2.0,1.0
46,MEATS,2013-04-15,8459.337,0,88.01142857142858,Quito,Pichincha,A,14,1.0,1.0
46,MEATS,2013-04-22,8346.672,0,91.46428571428571,Quito,Pichincha,A,14,0.0,0.0
46,MEATS,2013-04-29,9253.864,0,93.92857142857143,Quito,Pichincha,A,14,2.0,1.0
46,MEATS,2013-05-06,8139.0019999999995,0,95.83428571428571,Quito,Pichincha,A,14,3.0,1.0
46,MEATS,2013-05-13,8094.2469599999995,0,94.9542857142857,Quito,Pichincha,A,14,0.0,0.0
46,MEATS,2013-05-20,8823.9211,0,94.49428571428572,Quito,Pichincha,A,14,1.0,1.0
46,MEATS,2013-05-27,9648.3649,0,92.99714285714286,Quito,Pichincha,A,14,0.0,0.0
46,MEATS,2013-06-03,9715.7051,0,94.78142857142858,Quito,Pichincha,A,14,0.0,0.0
46,MEATS,2013-06-10,7987.0361,0,96.77857142857144,Quito,Pichincha,A,14,0.0,0.0
46,MEATS,2013-06-17,8748.99296,0,95.84,Quito,Pichincha,A,14,1.0,1.0
46,MEATS,2013-06-24,8342.603,0,95.98142857142857,Quito,Pichincha,A,14,3.0,1.0
46,MEATS,2013-07-01,9111.437,0,101.52857142857144,Quito,Pichincha,A,14,2.0,1.0
46,MEATS,2013-07-08,8663.283,0,105.03142857142858,Quito,Pichincha,A,14,0.0,0.0
46,MEATS,2013-07-15,8268.688,0,107.20142857142856,Quito,Pichincha,A,14,0.0,0.0
46,MEATS,2013-07-22,8841.82,0,105.55714285714285,Quito,Pichincha,A,14,3.0,1.0
46,MEATS,2013-07-29,9484.345,0,105.94285714285715,Quito,Pichincha,A,14,0.0,0.0
46,MEATS,2013-08-05,8121.278899999999,0,105.41571428571429,Quito,Pichincha,A,14,2.0,1.0
46,MEATS,2013-08-12,8428.7939,0,107.14714285714285,Quito,Pichincha,A,14,1.0,1.0
46,MEATS,2013-08-19,9076.3069,0,105.76285714285714,Quito,Pichincha,A,14,1.0,1.0
46,MEATS,2013-08-26,9246.597,0,108.23,Quito,Pichincha,A,14,0.0,0.0
46,MEATS,2013-09-02,10479.905999999999,0,109.1857142857143,Quito,Pichincha,A,14,0.0,0.0
46,MEATS,2013-09-09,8636.8139,0,108.34285714285714,Quito,Pichincha,A,14,0.0,0.0
46,MEATS,2013-09-16,8623.389,0,105.78428571428572,Quito,Pichincha,A,14,0.0,0.0
46,MEATS,2013-09-23,8184.854960000001,0,103.02857142857144,Quito,Pichincha,A,14,1.0,1.0
46,MEATS,2013-09-30,10276.2471,0,103.34,Quito,Pichincha,A,14,0.0,0.0
46,MEATS,2013-10-07,8715.426,0,102.54714285714286,Quito,Pichincha,A,14,2.0,1.0
46,MEATS,2013-10-14,8245.57395,0,101.32571428571428,Quito,Pichincha,A,14,0.0,0.0
46,MEATS,2013-10-21,8896.265,0,97.52285714285715,Quito,Pichincha,A,14,0.0,0.0
46,MEATS,2013-10-28,9356.3981,0,96.25857142857144,Quito,Pichincha,A,14,2.0,1.0
46,MEATS,2013-11-04,9545.116,0,94.37857142857142,Quito,Pichincha,A,14,3.0,1.0
46,MEATS,2013-11-11,7737.584,0,93.90285714285713,Quito,Pichincha,A,14,2.0,1.0
46,MEATS,2013-11-18,8322.080100000001,0,94.0942857142857,Quito,Pichincha,A,14,0.0,0.0
46,MEATS,2013-11-25,9416.83,0,92.71714285714286,Quito,Pichincha,A,14,0.0,0.0
46,MEATS,2013-12-02,9891.017100000001,0,96.57000000000001,Quito,Pichincha,A,14,3.0,1.0
46,MEATS,2013-12-09,8883.31,0,96.95571428571428,Quito,Pichincha,A,14,0.0,0.0
46,MEATS,2013-12-16,7972.9821,0,98.21285714285715,Quito,Pichincha,A,14,3.0,1.0
46,MEATS,2013-12-23,9711.596,0,99.33714285714287,Quito,Pichincha,A,14,4.0,1.0
46,MEATS,2013-12-30,8539.2236,0,95.90857142857143,Quito,Pichincha,A,14,2.0,1.0
46,MEATS,2014-01-06,6647.8415,0,92.40857142857143,Quito,Pichincha,A,14,0.0,0.0
46,MEATS,2014-01-13,7851.4183,0,93.25714285714285,Quito,Pichincha,A,14,0.0,0.0
46,MEATS,2014-01-20,7467.9148000000005,0,96.00428571428571,Quito,Pichincha,A,14,0.0,0.0
46,MEATS,2014-01-27,7280.1412,0,97.36428571428571,Quito,Pichincha,A,14,0.0,0.0
46,MEATS,2014-02-03,7176.7034,0,98.40857142857143,Quito,Pichincha,A,14,0.0,0.0
46,MEATS,2014-02-10,7529.41079,0,100.23714285714286,Quito,Pichincha,A,14,0.0,0.0
46,MEATS,2014-02-17,8261.8566,0,102.44285714285715,Quito,Pichincha,A,14,0.0,0.0
46,MEATS,2014-02-24,7456.4818000000005,0,102.80285714285715,Quito,Pichincha,A,14,1.0,1.0
46,MEATS,2014-03-03,9650.661,0,103.00142857142858,Quito,Pichincha,A,14,2.0,1.0
46,MEATS,2014-03-10,8958.9234,0,99.46142857142857,Quito,Pichincha,A,14,0.0,0.0
46,MEATS,2014-03-17,8611.5667,0,99.83,Quito,Pichincha,A,14,0.0,0.0
46,MEATS,2014-03-24,8492.77197,0,100.96571428571428,Quito,Pichincha,A,14,0.0,0.0
46,MEATS,2014-03-31,9959.1582,0,100.66142857142857,Quito,Pichincha,A,14,1.0,1.0
46,MEATS,2014-04-07,7635.690430000001,0,102.99428571428572,Quito,Pichincha,A,14,1.0,1.0
46,MEATS,2014-04-14,6634.2426,0,104.11142857142856,Quito,Pichincha,A,14,2.0,1.0
46,MEATS,2014-04-21,7983.918,0,101.75142857142858,Quito,Pichincha,A,14,1.0,1.0
46,MEATS,2014-04-28,11288.5153,0,100.38857142857144,Quito,Pichincha,A,14,1.0,1.0
46,MEATS,2014-05-05,7992.960999999999,0,100.29857142857142,Quito,Pichincha,A,14,2.0,1.0
46,MEATS,2014-05-12,8250.8839,0,102.02857142857144,Quito,Pichincha,A,14,1.0,1.0
46,MEATS,2014-05-19,8228.6923,0,104.16,Quito,Pichincha,A,14,1.0,1.0
46,MEATS,2014-05-26,8421.86465,0,103.94571428571429,Quito,Pichincha,A,14,0.0,0.0
46,MEATS,2014-06-02,9911.5566,0,103.25857142857141,Quito,Pichincha,A,14,0.0,0.0
46,MEATS,2014-06-09,8816.825,0,106.40285714285713,Quito,Pichincha,A,14,2.0,1.0
46,MEATS,2014-06-16,9106.9028,0,107.4342857142857,Quito,Pichincha,A,14,1.0,1.0
46,MEATS,2014-06-23,8365.6757,0,106.62571428571428,Quito,Pichincha,A,14,7.0,1.0
46,MEATS,2014-06-30,9408.5578,49,105.19285714285715,Quito,Pichincha,A,14,6.0,1.0
46,MEATS,2014-07-07,7913.496,46,102.74714285714286,Quito,Pichincha,A,14,4.0,1.0
46,MEATS,2014-07-14,8201.751,47,102.78571428571429,Quito,Pichincha,A,14,0.0,0.0
46,MEATS,2014-07-21,8212.632,45,104.59857142857143,Quito,Pichincha,A,14,3.0,1.0
46,MEATS,2014-07-28,8830.967,47,100.9557142857143,Quito,Pichincha,A,14,0.0,0.0
46,MEATS,2014-08-04,8618.938030000001,49,97.52857142857144,Quito,Pichincha,A,14,2.0,1.0
46,MEATS,2014-08-11,7877.53,51,97.20857142857143,Quito,Pichincha,A,14,1.0,1.0
46,MEATS,2014-08-18,8321.936,46,94.57000000000001,Quito,Pichincha,A,14,1.0,1.0
46,MEATS,2014-08-25,8238.307,43,96.71571428571428,Quito,Pichincha,A,14,0.0,0.0
46,MEATS,2014-09-01,10409.9341,49,94.39285714285714,Quito,Pichincha,A,14,0.0,0.0
46,MEATS,2014-09-08,8343.186,48,92.35857142857142,Quito,Pichincha,A,14,0.0,0.0
46,MEATS,2014-09-15,8702.5399,44,93.20857142857143,Quito,Pichincha,A,14,0.0,0.0
46,MEATS,2014-09-22,7881.93596,45,93.83571428571429,Quito,Pichincha,A,14,1.0,1.0
46,MEATS,2014-09-29,9456.19283,46,90.96285714285715,Quito,Pichincha,A,14,0.0,0.0
46,MEATS,2014-10-06,8229.993,51,87.12571428571428,Quito,Pichincha,A,14,2.0,1.0
46,MEATS,2014-10-13,7850.326,46,82.85714285714286,Quito,Pichincha,A,14,0.0,0.0
46,MEATS,2014-10-20,8184.3099,70,81.87857142857142,Quito,Pichincha,A,14,0.0,0.0
46,MEATS,2014-10-27,8180.89104,68,81.07428571428571,Quito,Pichincha,A,14,1.0,1.0
46,MEATS,2014-11-03,8315.1501,71,78.37571428571428,Quito,Pichincha,A,14,3.0,1.0
46,MEATS,2014-11-10,7105.535,71,76.32857142857142,Quito,Pichincha,A,14,3.0,1.0
46,MEATS,2014-11-17,6922.02797,47,75.7042857142857,Quito,Pichincha,A,14,0.0,0.0
46,MEATS,2014-11-24,6826.891,48,70.71428571428571,Quito,Pichincha,A,14,1.0,1.0
46,MEATS,2014-12-01,8144.536,50,66.81,Quito,Pichincha,A,14,3.0,1.0
46,MEATS,2014-12-08,7383.223,53,60.18571428571429,Quito,Pichincha,A,14,1.0,1.0
46,MEATS,2014-12-15,7849.92,66,56.18142857142857,Quito,Pichincha,A,14,2.0,1.0
46,MEATS,2014-12-22,7027.5650000000005,60,55.314285714285724,Quito,Pichincha,A,14,7.0,1.0
46,MEATS,2014-12-29,8028.0489,54,53.237142857142864,Quito,Pichincha,A,14,3.0,1.0
46,MEATS,2015-01-05,8069.13497,56,48.652857142857144,Quito,Pichincha,A,14,1.0,1.0
46,MEATS,2015-01-12,7542.506,53,47.472857142857144,Quito,Pichincha,A,14,0.0,0.0
46,MEATS,2015-01-19,7732.49,51,46.40571428571428,Quito,Pichincha,A,14,0.0,0.0
46,MEATS,2015-01-26,7831.044,51,46.029999999999994,Quito,Pichincha,A,14,0.0,0.0
46,MEATS,2015-02-02,8485.723,47,50.885714285714286,Quito,Pichincha,A,14,0.0,0.0
46,MEATS,2015-02-09,6264.23603,44,51.57142857142857,Quito,Pichincha,A,14,0.0,0.0
46,MEATS,2015-02-16,8228.31,45,51.33142857142857,Quito,Pichincha,A,14,2.0,1.0
46,MEATS,2015-02-23,7446.09303,47,49.35142857142858,Quito,Pichincha,A,14,0.0,0.0
46,MEATS,2015-03-02,8451.60894,47,50.16285714285714,Quito,Pichincha,A,14,1.0,1.0
46,MEATS,2015-03-09,7322.491,48,46.88428571428572,Quito,Pichincha,A,14,0.0,0.0
46,MEATS,2015-03-16,7333.157999999999,48,44.85285714285715,Quito,Pichincha,A,14,0.0,0.0
46,MEATS,2015-03-23,7098.367029999999,47,48.72571428571428,Quito,Pichincha,A,14,0.0,0.0
46,MEATS,2015-03-30,8017.066,52,49.00285714285714,Quito,Pichincha,A,14,2.0,1.0
46,MEATS,2015-04-06,9134.103,52,51.73571428571428,Quito,Pichincha,A,14,1.0,1.0
46,MEATS,2015-04-13,9147.036900000001,58,55.04571428571428,Quito,Pichincha,A,14,1.0,1.0
46,MEATS,2015-04-20,8844.43,59,56.09285714285714,Quito,Pichincha,A,14,1.0,1.0
46,MEATS,2015-04-27,9494.083,53,58.29714285714285,Quito,Pichincha,A,14,1.0,1.0
46,MEATS,2015-05-04,9176.279,57,59.635714285714286,Quito,Pichincha,A,14,2.0,1.0
46,MEATS,2015-05-11,9103.886,56,59.93285714285714,Quito,Pichincha,A,14,1.0,1.0
46,MEATS,2015-05-18,9312.632,54,58.93142857142857,Quito,Pichincha,A,14,1.0,1.0
46,MEATS,2015-05-25,10008.201,51,58.87428571428571,Quito,Pichincha,A,14,0.0,0.0
46,MEATS,2015-06-01,10747.639,56,59.50571428571429,Quito,Pichincha,A,14,0.0,0.0
46,MEATS,2015-06-08,9481.885,62,60.04,Quito,Pichincha,A,14,0.0,0.0
46,MEATS,2015-06-15,9005.875,70,59.81428571428571,Quito,Pichincha,A,14,0.0,0.0
46,MEATS,2015-06-22,8527.228,55,59.84142857142857,Quito,Pichincha,A,14,4.0,1.0
46,MEATS,2015-06-29,10514.0991,57,57.49714285714286,Quito,Pichincha,A,14,2.0,1.0
46,MEATS,2015-07-06,9490.0411,51,52.48571428571428,Quito,Pichincha,A,14,0.0,0.0
46,MEATS,2015-07-13,8382.25,53,51.45428571428572,Quito,Pichincha,A,14,0.0,0.0
46,MEATS,2015-07-20,9164.407,52,48.86,Quito,Pichincha,A,14,3.0,1.0
46,MEATS,2015-07-27,9327.868,62,47.68142857142857,Quito,Pichincha,A,14,0.0,0.0
46,MEATS,2015-08-03,8882.3919,62,44.63285714285714,Quito,Pichincha,A,14,1.0,1.0
46,MEATS,2015-08-10,8950.071,58,42.98428571428571,Quito,Pichincha,A,14,2.0,1.0
46,MEATS,2015-08-17,8142.1831,58,41.08714285714286,Quito,Pichincha,A,14,0.0,0.0
46,MEATS,2015-08-24,8180.4360400000005,58,42.029999999999994,Quito,Pichincha,A,14,1.0,1.0
46,MEATS,2015-08-31,9397.2019,55,46.527142857142856,Quito,Pichincha,A,14,0.0,0.0
46,MEATS,2015-09-07,7798.063,51,45.167142857142856,Quito,Pichincha,A,14,0.0,0.0
46,MEATS,2015-09-14,7987.911,48,45.26142857142857,Quito,Pichincha,A,14,0.0,0.0
46,MEATS,2015-09-21,7765.707,54,45.565714285714286,Quito,Pichincha,A,14,0.0,0.0
46,MEATS,2015-09-28,9056.081,50,45.152857142857144,Quito,Pichincha,A,14,1.0,1.0
46,MEATS,2015-10-05,8545.543,55,48.73428571428571,Quito,Pichincha,A,14,2.0,1.0
46,MEATS,2015-10-12,7129.308,48,46.957142857142856,Quito,Pichincha,A,14,0.0,0.0
46,MEATS,2015-10-19,7068.942,50,44.8,Quito,Pichincha,A,14,0.0,0.0
46,MEATS,2015-10-26,6662.7001,49,45.449999999999996,Quito,Pichincha,A,14,0.0,0.0
46,MEATS,2015-11-02,8544.4451,48,45.50714285714286,Quito,Pichincha,A,14,4.0,1.0
46,MEATS,2015-11-09,6794.986,49,42.12285714285714,Quito,Pichincha,A,14,3.0,1.0
46,MEATS,2015-11-16,7155.287,54,40.26857142857143,Quito,Pichincha,A,14,0.0,0.0
46,MEATS,2015-11-23,7517.486,54,40.61571428571428,Quito,Pichincha,A,14,1.0,1.0
46,MEATS,2015-11-30,8402.993129999999,53,40.28857142857142,Quito,Pichincha,A,14,3.0,1.0
46,MEATS,2015-12-07,7844.38303,52,36.567142857142855,Quito,Pichincha,A,14,1.0,1.0
46,MEATS,2015-12-14,7912.460059999999,53,35.47428571428571,Quito,Pichincha,A,14,0.0,0.0
46,MEATS,2015-12-21,8008.734,5,36.84428571428571,Quito,Pichincha,A,14,7.0,1.0
46,MEATS,2015-12-28,8801.632,3,37.050000000000004,Quito,Pichincha,A,14,2.0,1.0
46,MEATS,2016-01-04,8971.654,54,34.23428571428572,Quito,Pichincha,A,14,0.0,0.0
46,MEATS,2016-01-11,8421.556,57,30.261428571428574,Quito,Pichincha,A,14,0.0,0.0
46,MEATS,2016-01-18,7273.696,49,30.051428571428573,Quito,Pichincha,A,14,0.0,0.0
46,MEATS,2016-01-25,7642.28506,49,32.33714285714286,Quito,Pichincha,A,14,0.0,0.0
46,MEATS,2016-02-01,7579.793,53,31.145714285714288,Quito,Pichincha,A,14,0.0,0.0
46,MEATS,2016-02-08,7527.045,49,28.48,Quito,Pichincha,A,14,2.0,1.0
46,MEATS,2016-02-15,7469.191,50,29.798571428571428,Quito,Pichincha,A,14,0.0,0.0
46,MEATS,2016-02-22,7383.15,48,31.415714285714284,Quito,Pichincha,A,14,0.0,0.0
46,MEATS,2016-02-29,8424.924,56,34.855714285714285,Quito,Pichincha,A,14,1.0,1.0
46,MEATS,2016-03-07,6801.259,57,37.92714285714286,Quito,Pichincha,A,14,0.0,0.0
46,MEATS,2016-03-14,6572.238,50,38.64714285714285,Quito,Pichincha,A,14,0.0,0.0
46,MEATS,2016-03-21,6288.8179,46,38.885714285714286,Quito,Pichincha,A,14,1.0,1.0
46,MEATS,2016-03-28,8089.98501,54,36.40428571428571,Quito,Pichincha,A,14,1.0,1.0
46,MEATS,2016-04-04,7160.918,57,37.582857142857144,Quito,Pichincha,A,14,0.0,0.0
46,MEATS,2016-04-11,6751.5689999999995,56,40.99,Quito,Pichincha,A,14,4.0,1.0
46,MEATS,2016-04-18,7318.852000000001,63,42.114285714285714,Quito,Pichincha,A,14,8.0,1.0
46,MEATS,2016-04-25,7588.865,64,44.778571428571425,Quito,Pichincha,A,14,8.0,1.0
46,MEATS,2016-05-02,7650.465,56,44.32,Quito,Pichincha,A,14,9.0,1.0
46,MEATS,2016-05-09,6918.073,52,45.66285714285714,Quito,Pichincha,A,14,8.0,1.0
46,MEATS,2016-05-16,7171.389,53,47.9,Quito,Pichincha,A,14,1.0,1.0
46,MEATS,2016-05-23,6980.8729,53,48.90571428571428,Quito,Pichincha,A,14,1.0,1.0
46,MEATS,2016-05-30,7946.5721699999995,51,48.962857142857146,Quito,Pichincha,A,14,0.0,0.0
46,MEATS,2016-06-06,6802.63097,59,49.871428571428574,Quito,Pichincha,A,14,0.0,0.0
46,MEATS,2016-06-13,6667.48904,53,47.92,Quito,Pichincha,A,14,0.0,0.0
46,MEATS,2016-06-20,6879.462,59,48.135714285714286,Quito,Pichincha,A,14,4.0,1.0
46,MEATS,2016-06-27,7561.023,75,48.41571428571429,Quito,Pichincha,A,14,2.0,1.0
46,MEATS,2016-07-04,7480.3161,65,46.35,Quito,Pichincha,A,14,0.0,0.0
46,MEATS,2016-07-11,6755.763,51,45.69285714285714,Quito,Pichincha,A,14,0.0,0.0
46,MEATS,2016-07-18,6695.3151,55,44.145714285714284,Quito,Pichincha,A,14,3.0,1.0
46,MEATS,2016-07-25,6973.542,60,41.74428571428571,Quito,Pichincha,A,14,0.0,0.0
46,MEATS,2016-08-01,7566.597000000001,57,41.10857142857143,Quito,Pichincha,A,14,1.0,1.0
46,MEATS,2016-08-08,6777.206,62,43.50142857142857,Quito,Pichincha,A,14,1.0,1.0
46,MEATS,2016-08-15,7164.902,56,47.534285714285716,Quito,Pichincha,A,14,1.0,1.0
46,MEATS,2016-08-22,6957.3640000000005,53,47.21714285714285,Quito,Pichincha,A,14,1.0,1.0
46,MEATS,2016-08-29,7946.648,57,44.901428571428575,Quito,Pichincha,A,14,0.0,0.0
46,MEATS,2016-09-05,7473.877039999999,56,45.71142857142858,Quito,Pichincha,A,14,0.0,0.0
46,MEATS,2016-09-12,7324.898,51,43.96857142857142,Quito,Pichincha,A,14,0.0,0.0
46,MEATS,2016-09-19,7478.2541,53,44.528571428571425,Quito,Pichincha,A,14,0.0,0.0
46,MEATS,2016-09-26,7927.9170300000005,1,46.885714285714286,Quito,Pichincha,A,14,1.0,1.0
46,MEATS,2016-10-03,7511.8099999999995,50,49.56285714285714,Quito,Pichincha,A,14,2.0,1.0
46,MEATS,2016-10-10,7334.096,53,50.30571428571428,Quito,Pichincha,A,14,0.0,0.0
46,MEATS,2016-10-17,7719.377,53,50.57142857142857,Quito,Pichincha,A,14,0.0,0.0
46,MEATS,2016-10-24,7213.303,59,49.17857142857143,Quito,Pichincha,A,14,0.0,0.0
46,MEATS,2016-10-31,9156.6591,54,45.097142857142856,Quito,Pichincha,A,14,4.0,1.0
46,MEATS,2016-11-07,7500.3829000000005,57,44.26142857142857,Quito,Pichincha,A,14,5.0,1.0
46,MEATS,2016-11-14,8237.5279,58,45.30714285714286,Quito,Pichincha,A,14,0.0,0.0
46,MEATS,2016-11-21,7650.233,50,47.021428571428565,Quito,Pichincha,A,14,1.0,1.0
46,MEATS,2016-11-28,7739.1050000000005,56,49.50571428571429,Quito,Pichincha,A,14,1.0,1.0
46,MEATS,2016-12-05,7601.746999999999,58,51.12714285714286,Quito,Pichincha,A,14,3.0,1.0
46,MEATS,2016-12-12,6594.7001,59,51.91857142857143,Quito,Pichincha,A,14,0.0,0.0
46,MEATS,2016-12-19,6322.088,62,51.971428571428575,Quito,Pichincha,A,14,6.0,1.0
46,MEATS,2016-12-26,7430.9311,60,53.41285714285714,Quito,Pichincha,A,14,2.0,1.0
46,MEATS,2017-01-02,9434.56597,60,53.582857142857144,Quito,Pichincha,A,14,1.0,1.0
46,MEATS,2017-01-09,7905.581,59,52.15,Quito,Pichincha,A,14,0.0,0.0
46,MEATS,2017-01-16,7593.02203,58,52.044285714285714,Quito,Pichincha,A,14,0.0,0.0
46,MEATS,2017-01-23,7344.76303,59,52.86714285714286,Quito,Pichincha,A,14,0.0,0.0
46,MEATS,2017-01-30,8311.815,60,53.465714285714284,Quito,Pichincha,A,14,0.0,0.0
46,MEATS,2017-02-06,7462.3,58,53.15428571428571,Quito,Pichincha,A,14,0.0,0.0
46,MEATS,2017-02-13,7678.94597,51,53.27428571428571,Quito,Pichincha,A,14,0.0,0.0
46,MEATS,2017-02-20,7419.652,52,53.92714285714286,Quito,Pichincha,A,14,0.0,0.0
46,MEATS,2017-02-27,9545.027,50,53.49714285714286,Quito,Pichincha,A,14,3.0,1.0
46,MEATS,2017-03-06,7585.197,47,49.8,Quito,Pichincha,A,14,0.0,0.0
46,MEATS,2017-03-13,8071.563,53,48.121428571428574,Quito,Pichincha,A,14,0.0,0.0
46,MEATS,2017-03-20,7726.659,52,47.285714285714285,Quito,Pichincha,A,14,0.0,0.0
46,MEATS,2017-03-27,8154.274,53,49.53857142857142,Quito,Pichincha,A,14,1.0,1.0
46,MEATS,2017-04-03,7839.40586,52,51.54571428571428,Quito,Pichincha,A,14,0.0,0.0
46,MEATS,2017-04-10,6079.97,55,53.18857142857143,Quito,Pichincha,A,14,3.0,1.0
46,MEATS,2017-04-17,8080.76004,61,50.67857142857143,Quito,Pichincha,A,14,1.0,1.0
46,MEATS,2017-04-24,7319.782,52,49.175714285714285,Quito,Pichincha,A,14,0.0,0.0
46,MEATS,2017-05-01,8490.198,56,46.93,Quito,Pichincha,A,14,1.0,1.0
46,MEATS,2017-05-08,7231.611,52,47.26857142857143,Quito,Pichincha,A,14,3.0,1.0
46,MEATS,2017-05-15,7893.71,53,49.55142857142857,Quito,Pichincha,A,14,0.0,0.0
46,MEATS,2017-05-22,7464.35096,49,50.03285714285715,Quito,Pichincha,A,14,1.0,1.0
46,MEATS,2017-05-29,8048.467000000001,145,48.40857142857143,Quito,Pichincha,A,14,0.0,0.0
46,MEATS,2017-06-05,7747.7681,320,46.35285714285715,Quito,Pichincha,A,14,0.0,0.0
46,MEATS,2017-06-12,7293.8201,325,45.137142857142855,Quito,Pichincha,A,14,0.0,0.0
46,MEATS,2017-06-19,7983.67497,182,43.02428571428572,Quito,Pichincha,A,14,4.0,1.0
46,MEATS,2017-06-26,8419.9139,56,45.02428571428572,Quito,Pichincha,A,14,0.0,0.0
46,MEATS,2017-07-03,8056.478,61,45.06,Quito,Pichincha,A,14,2.0,1.0
46,MEATS,2017-07-10,7529.93,49,45.798571428571435,Quito,Pichincha,A,14,0.0,0.0
46,MEATS,2017-07-17,7823.3911,51,46.22714285714286,Quito,Pichincha,A,14,1.0,1.0
46,MEATS,2017-07-24,7463.438,50,48.68142857142857,Quito,Pichincha,A,14,2.0,1.0
46,MEATS,2017-07-31,8659.7691,49,49.534285714285716,Quito,Pichincha,A,14,1.0,1.0
46,MEATS,2017-08-07,7113.8640000000005,49,49.0,Quito,Pichincha,A,14,1.0,1.0
46,MEATS,2017-08-14,1987.2089700000001,0,47.82857142857143,Quito,Pichincha,A,14,1.0,1.0
47,CLEANING,2012-12-31,16441.0,0,93.09400000000001,Quito,Pichincha,A,14,4.0,1.0
47,CLEANING,2013-01-07,15789.0,0,93.44285714285715,Quito,Pichincha,A,14,1.0,1.0
47,CLEANING,2013-01-14,15036.0,0,94.87571428571428,Quito,Pichincha,A,14,0.0,0.0
47,CLEANING,2013-01-21,13795.0,0,95.36571428571429,Quito,Pichincha,A,14,0.0,0.0
47,CLEANING,2013-01-28,16084.0,0,97.36857142857143,Quito,Pichincha,A,14,0.0,0.0
47,CLEANING,2013-02-04,13297.0,0,96.04285714285713,Quito,Pichincha,A,14,0.0,0.0
47,CLEANING,2013-02-11,14583.0,0,96.66714285714286,Quito,Pichincha,A,14,2.0,1.0
47,CLEANING,2013-02-18,13426.0,0,94.24428571428572,Quito,Pichincha,A,14,0.0,0.0
47,CLEANING,2013-02-25,15448.0,0,91.76714285714286,Quito,Pichincha,A,14,1.0,1.0
47,CLEANING,2013-03-04,14523.0,0,91.29142857142857,Quito,Pichincha,A,14,0.0,0.0
47,CLEANING,2013-03-11,14814.0,0,92.92571428571429,Quito,Pichincha,A,14,0.0,0.0
47,CLEANING,2013-03-18,14307.0,0,93.14999999999999,Quito,Pichincha,A,14,0.0,0.0
47,CLEANING,2013-03-25,15572.0,0,96.57571428571428,Quito,Pichincha,A,14,0.0,0.0
47,CLEANING,2013-04-01,16216.0,0,94.41285714285713,Quito,Pichincha,A,14,1.0,1.0
47,CLEANING,2013-04-08,13606.0,0,92.75142857142858,Quito,Pichincha,A,14,2.0,1.0
47,CLEANING,2013-04-15,13598.0,0,88.01142857142858,Quito,Pichincha,A,14,1.0,1.0
47,CLEANING,2013-04-22,12526.0,0,91.46428571428571,Quito,Pichincha,A,14,0.0,0.0
47,CLEANING,2013-04-29,16240.0,0,93.92857142857143,Quito,Pichincha,A,14,2.0,1.0
47,CLEANING,2013-05-06,12528.0,0,95.83428571428571,Quito,Pichincha,A,14,3.0,1.0
47,CLEANING,2013-05-13,14057.0,0,94.9542857142857,Quito,Pichincha,A,14,0.0,0.0
47,CLEANING,2013-05-20,13434.0,0,94.49428571428572,Quito,Pichincha,A,14,1.0,1.0
47,CLEANING,2013-05-27,15334.0,0,92.99714285714286,Quito,Pichincha,A,14,0.0,0.0
47,CLEANING,2013-06-03,15609.0,0,94.78142857142858,Quito,Pichincha,A,14,0.0,0.0
47,CLEANING,2013-06-10,12803.0,0,96.77857142857144,Quito,Pichincha,A,14,0.0,0.0
47,CLEANING,2013-06-17,14150.0,0,95.84,Quito,Pichincha,A,14,1.0,1.0
47,CLEANING,2013-06-24,13737.0,0,95.98142857142857,Quito,Pichincha,A,14,3.0,1.0
47,CLEANING,2013-07-01,15031.0,0,101.52857142857144,Quito,Pichincha,A,14,2.0,1.0
47,CLEANING,2013-07-08,11869.0,0,105.03142857142858,Quito,Pichincha,A,14,0.0,0.0
47,CLEANING,2013-07-15,12612.0,0,107.20142857142856,Quito,Pichincha,A,14,0.0,0.0
47,CLEANING,2013-07-22,12076.0,0,105.55714285714285,Quito,Pichincha,A,14,3.0,1.0
47,CLEANING,2013-07-29,14384.0,0,105.94285714285715,Quito,Pichincha,A,14,0.0,0.0
47,CLEANING,2013-08-05,12567.0,0,105.41571428571429,Quito,Pichincha,A,14,2.0,1.0
47,CLEANING,2013-08-12,12776.0,0,107.14714285714285,Quito,Pichincha,A,14,1.0,1.0
47,CLEANING,2013-08-19,12544.0,0,105.76285714285714,Quito,Pichincha,A,14,1.0,1.0
47,CLEANING,2013-08-26,14363.0,0,108.23,Quito,Pichincha,A,14,0.0,0.0
47,CLEANING,2013-09-02,16864.0,0,109.1857142857143,Quito,Pichincha,A,14,0.0,0.0
47,CLEANING,2013-09-09,13399.0,0,108.34285714285714,Quito,Pichincha,A,14,0.0,0.0
47,CLEANING,2013-09-16,13093.0,0,105.78428571428572,Quito,Pichincha,A,14,0.0,0.0
47,CLEANING,2013-09-23,13699.0,0,103.02857142857144,Quito,Pichincha,A,14,1.0,1.0
47,CLEANING,2013-09-30,17448.0,0,103.34,Quito,Pichincha,A,14,0.0,0.0
47,CLEANING,2013-10-07,13450.0,0,102.54714285714286,Quito,Pichincha,A,14,2.0,1.0
47,CLEANING,2013-10-14,13718.0,0,101.32571428571428,Quito,Pichincha,A,14,0.0,0.0
47,CLEANING,2013-10-21,12941.0,0,97.52285714285715,Quito,Pichincha,A,14,0.0,0.0
47,CLEANING,2013-10-28,16052.0,0,96.25857142857144,Quito,Pichincha,A,14,2.0,1.0
47,CLEANING,2013-11-04,15501.0,0,94.37857142857142,Quito,Pichincha,A,14,3.0,1.0
47,CLEANING,2013-11-11,13393.0,0,93.90285714285713,Quito,Pichincha,A,14,2.0,1.0
47,CLEANING,2013-11-18,14079.0,0,94.0942857142857,Quito,Pichincha,A,14,0.0,0.0
47,CLEANING,2013-11-25,14836.0,0,92.71714285714286,Quito,Pichincha,A,14,0.0,0.0
47,CLEANING,2013-12-02,16992.0,0,96.57000000000001,Quito,Pichincha,A,14,3.0,1.0
47,CLEANING,2013-12-09,15784.0,0,96.95571428571428,Quito,Pichincha,A,14,0.0,0.0
47,CLEANING,2013-12-16,17474.0,0,98.21285714285715,Quito,Pichincha,A,14,3.0,1.0
47,CLEANING,2013-12-23,16423.0,0,99.33714285714287,Quito,Pichincha,A,14,4.0,1.0
47,CLEANING,2013-12-30,20594.0,0,95.90857142857143,Quito,Pichincha,A,14,2.0,1.0
47,CLEANING,2014-01-06,17241.0,0,92.40857142857143,Quito,Pichincha,A,14,0.0,0.0
47,CLEANING,2014-01-13,15416.0,0,93.25714285714285,Quito,Pichincha,A,14,0.0,0.0
47,CLEANING,2014-01-20,15307.0,0,96.00428571428571,Quito,Pichincha,A,14,0.0,0.0
47,CLEANING,2014-01-27,15442.0,0,97.36428571428571,Quito,Pichincha,A,14,0.0,0.0
47,CLEANING,2014-02-03,15368.0,0,98.40857142857143,Quito,Pichincha,A,14,0.0,0.0
47,CLEANING,2014-02-10,14401.0,0,100.23714285714286,Quito,Pichincha,A,14,0.0,0.0
47,CLEANING,2014-02-17,15185.0,0,102.44285714285715,Quito,Pichincha,A,14,0.0,0.0
47,CLEANING,2014-02-24,15103.0,0,102.80285714285715,Quito,Pichincha,A,14,1.0,1.0
47,CLEANING,2014-03-03,20344.0,0,103.00142857142858,Quito,Pichincha,A,14,2.0,1.0
47,CLEANING,2014-03-10,15177.0,0,99.46142857142857,Quito,Pichincha,A,14,0.0,0.0
47,CLEANING,2014-03-17,15406.0,0,99.83,Quito,Pichincha,A,14,0.0,0.0
47,CLEANING,2014-03-24,15734.0,0,100.96571428571428,Quito,Pichincha,A,14,0.0,0.0
47,CLEANING,2014-03-31,18423.0,0,100.66142857142857,Quito,Pichincha,A,14,1.0,1.0
47,CLEANING,2014-04-07,15074.0,0,102.99428571428572,Quito,Pichincha,A,14,1.0,1.0
47,CLEANING,2014-04-14,15425.0,0,104.11142857142856,Quito,Pichincha,A,14,2.0,1.0
47,CLEANING,2014-04-21,14890.0,0,101.75142857142858,Quito,Pichincha,A,14,1.0,1.0
47,CLEANING,2014-04-28,17707.0,0,100.38857142857144,Quito,Pichincha,A,14,1.0,1.0
47,CLEANING,2014-05-05,14917.0,0,100.29857142857142,Quito,Pichincha,A,14,2.0,1.0
47,CLEANING,2014-05-12,14817.0,0,102.02857142857144,Quito,Pichincha,A,14,1.0,1.0
47,CLEANING,2014-05-19,13644.0,0,104.16,Quito,Pichincha,A,14,1.0,1.0
47,CLEANING,2014-05-26,15353.0,0,103.94571428571429,Quito,Pichincha,A,14,0.0,0.0
47,CLEANING,2014-06-02,17127.0,0,103.25857142857141,Quito,Pichincha,A,14,0.0,0.0
47,CLEANING,2014-06-09,13189.0,0,106.40285714285713,Quito,Pichincha,A,14,2.0,1.0
47,CLEANING,2014-06-16,14836.0,0,107.4342857142857,Quito,Pichincha,A,14,1.0,1.0
47,CLEANING,2014-06-23,14069.0,0,106.62571428571428,Quito,Pichincha,A,14,7.0,1.0
47,CLEANING,2014-06-30,19920.0,20,105.19285714285715,Quito,Pichincha,A,14,6.0,1.0
47,CLEANING,2014-07-07,14770.0,19,102.74714285714286,Quito,Pichincha,A,14,4.0,1.0
47,CLEANING,2014-07-14,15187.0,22,102.78571428571429,Quito,Pichincha,A,14,0.0,0.0
47,CLEANING,2014-07-21,14135.0,27,104.59857142857143,Quito,Pichincha,A,14,3.0,1.0
47,CLEANING,2014-07-28,16272.0,29,100.9557142857143,Quito,Pichincha,A,14,0.0,0.0
47,CLEANING,2014-08-04,15606.0,30,97.52857142857144,Quito,Pichincha,A,14,2.0,1.0
47,CLEANING,2014-08-11,13731.0,26,97.20857142857143,Quito,Pichincha,A,14,1.0,1.0
47,CLEANING,2014-08-18,13973.0,22,94.57000000000001,Quito,Pichincha,A,14,1.0,1.0
47,CLEANING,2014-08-25,15488.0,13,96.71571428571428,Quito,Pichincha,A,14,0.0,0.0
47,CLEANING,2014-09-01,20335.0,18,94.39285714285714,Quito,Pichincha,A,14,0.0,0.0
47,CLEANING,2014-09-08,15015.0,18,92.35857142857142,Quito,Pichincha,A,14,0.0,0.0
47,CLEANING,2014-09-15,15506.0,20,93.20857142857143,Quito,Pichincha,A,14,0.0,0.0
47,CLEANING,2014-09-22,14211.0,12,93.83571428571429,Quito,Pichincha,A,14,1.0,1.0
47,CLEANING,2014-09-29,18206.0,20,90.96285714285715,Quito,Pichincha,A,14,0.0,0.0
47,CLEANING,2014-10-06,15812.0,22,87.12571428571428,Quito,Pichincha,A,14,2.0,1.0
47,CLEANING,2014-10-13,15669.0,21,82.85714285714286,Quito,Pichincha,A,14,0.0,0.0
47,CLEANING,2014-10-20,14358.0,22,81.87857142857142,Quito,Pichincha,A,14,0.0,0.0
47,CLEANING,2014-10-27,14173.0,6,81.07428571428571,Quito,Pichincha,A,14,1.0,1.0
47,CLEANING,2014-11-03,19650.0,1,78.37571428571428,Quito,Pichincha,A,14,3.0,1.0
47,CLEANING,2014-11-10,14924.0,3,76.32857142857142,Quito,Pichincha,A,14,3.0,1.0
47,CLEANING,2014-11-17,14311.0,7,75.7042857142857,Quito,Pichincha,A,14,0.0,0.0
47,CLEANING,2014-11-24,16051.0,11,70.71428571428571,Quito,Pichincha,A,14,1.0,1.0
47,CLEANING,2014-12-01,19083.0,16,66.81,Quito,Pichincha,A,14,3.0,1.0
47,CLEANING,2014-12-08,18445.0,17,60.18571428571429,Quito,Pichincha,A,14,1.0,1.0
47,CLEANING,2014-12-15,19161.0,17,56.18142857142857,Quito,Pichincha,A,14,2.0,1.0
47,CLEANING,2014-12-22,18000.0,9,55.314285714285724,Quito,Pichincha,A,14,7.0,1.0
47,CLEANING,2014-12-29,21276.0,9,53.237142857142864,Quito,Pichincha,A,14,3.0,1.0
47,CLEANING,2015-01-05,20502.0,17,48.652857142857144,Quito,Pichincha,A,14,1.0,1.0
47,CLEANING,2015-01-12,17071.0,23,47.472857142857144,Quito,Pichincha,A,14,0.0,0.0
47,CLEANING,2015-01-19,15912.0,20,46.40571428571428,Quito,Pichincha,A,14,0.0,0.0
47,CLEANING,2015-01-26,16869.0,30,46.029999999999994,Quito,Pichincha,A,14,0.0,0.0
47,CLEANING,2015-02-02,19063.0,39,50.885714285714286,Quito,Pichincha,A,14,0.0,0.0
47,CLEANING,2015-02-09,13445.0,37,51.57142857142857,Quito,Pichincha,A,14,0.0,0.0
47,CLEANING,2015-02-16,17793.0,19,51.33142857142857,Quito,Pichincha,A,14,2.0,1.0
47,CLEANING,2015-02-23,16949.0,3,49.35142857142858,Quito,Pichincha,A,14,0.0,0.0
47,CLEANING,2015-03-02,19033.0,10,50.16285714285714,Quito,Pichincha,A,14,1.0,1.0
47,CLEANING,2015-03-09,16330.0,11,46.88428571428572,Quito,Pichincha,A,14,0.0,0.0
47,CLEANING,2015-03-16,15249.0,14,44.85285714285715,Quito,Pichincha,A,14,0.0,0.0
47,CLEANING,2015-03-23,14943.0,13,48.72571428571428,Quito,Pichincha,A,14,0.0,0.0
47,CLEANING,2015-03-30,18184.0,18,49.00285714285714,Quito,Pichincha,A,14,2.0,1.0
47,CLEANING,2015-04-06,17068.0,16,51.73571428571428,Quito,Pichincha,A,14,1.0,1.0
47,CLEANING,2015-04-13,16684.0,43,55.04571428571428,Quito,Pichincha,A,14,1.0,1.0
47,CLEANING,2015-04-20,16131.0,44,56.09285714285714,Quito,Pichincha,A,14,1.0,1.0
47,CLEANING,2015-04-27,17275.0,33,58.29714285714285,Quito,Pichincha,A,14,1.0,1.0
47,CLEANING,2015-05-04,15481.0,24,59.635714285714286,Quito,Pichincha,A,14,2.0,1.0
47,CLEANING,2015-05-11,15639.0,33,59.93285714285714,Quito,Pichincha,A,14,1.0,1.0
47,CLEANING,2015-05-18,15834.0,29,58.93142857142857,Quito,Pichincha,A,14,1.0,1.0
47,CLEANING,2015-05-25,15918.0,24,58.87428571428571,Quito,Pichincha,A,14,0.0,0.0
47,CLEANING,2015-06-01,18962.0,41,59.50571428571429,Quito,Pichincha,A,14,0.0,0.0
47,CLEANING,2015-06-08,14688.0,28,60.04,Quito,Pichincha,A,14,0.0,0.0
47,CLEANING,2015-06-15,14248.0,41,59.81428571428571,Quito,Pichincha,A,14,0.0,0.0
47,CLEANING,2015-06-22,15228.0,36,59.84142857142857,Quito,Pichincha,A,14,4.0,1.0
47,CLEANING,2015-06-29,19519.0,26,57.49714285714286,Quito,Pichincha,A,14,2.0,1.0
47,CLEANING,2015-07-06,15572.0,24,52.48571428571428,Quito,Pichincha,A,14,0.0,0.0
47,CLEANING,2015-07-13,14479.0,11,51.45428571428572,Quito,Pichincha,A,14,0.0,0.0
47,CLEANING,2015-07-20,13821.0,13,48.86,Quito,Pichincha,A,14,3.0,1.0
47,CLEANING,2015-07-27,16102.0,16,47.68142857142857,Quito,Pichincha,A,14,0.0,0.0
47,CLEANING,2015-08-03,15195.0,18,44.63285714285714,Quito,Pichincha,A,14,1.0,1.0
47,CLEANING,2015-08-10,15901.0,25,42.98428571428571,Quito,Pichincha,A,14,2.0,1.0
47,CLEANING,2015-08-17,14893.0,20,41.08714285714286,Quito,Pichincha,A,14,0.0,0.0
47,CLEANING,2015-08-24,15612.0,19,42.029999999999994,Quito,Pichincha,A,14,1.0,1.0
47,CLEANING,2015-08-31,20572.0,27,46.527142857142856,Quito,Pichincha,A,14,0.0,0.0
47,CLEANING,2015-09-07,16023.0,29,45.167142857142856,Quito,Pichincha,A,14,0.0,0.0
47,CLEANING,2015-09-14,15816.0,34,45.26142857142857,Quito,Pichincha,A,14,0.0,0.0
47,CLEANING,2015-09-21,15787.0,32,45.565714285714286,Quito,Pichincha,A,14,0.0,0.0
47,CLEANING,2015-09-28,20226.0,26,45.152857142857144,Quito,Pichincha,A,14,1.0,1.0
47,CLEANING,2015-10-05,16770.0,19,48.73428571428571,Quito,Pichincha,A,14,2.0,1.0
47,CLEANING,2015-10-12,15832.0,27,46.957142857142856,Quito,Pichincha,A,14,0.0,0.0
47,CLEANING,2015-10-19,15115.0,17,44.8,Quito,Pichincha,A,14,0.0,0.0
47,CLEANING,2015-10-26,14027.0,15,45.449999999999996,Quito,Pichincha,A,14,0.0,0.0
47,CLEANING,2015-11-02,20017.0,16,45.50714285714286,Quito,Pichincha,A,14,4.0,1.0
47,CLEANING,2015-11-09,14270.0,23,42.12285714285714,Quito,Pichincha,A,14,3.0,1.0
47,CLEANING,2015-11-16,15553.0,52,40.26857142857143,Quito,Pichincha,A,14,0.0,0.0
47,CLEANING,2015-11-23,16338.0,43,40.61571428571428,Quito,Pichincha,A,14,1.0,1.0
47,CLEANING,2015-11-30,19338.0,41,40.28857142857142,Quito,Pichincha,A,14,3.0,1.0
47,CLEANING,2015-12-07,17250.0,39,36.567142857142855,Quito,Pichincha,A,14,1.0,1.0
47,CLEANING,2015-12-14,18498.0,90,35.47428571428571,Quito,Pichincha,A,14,0.0,0.0
47,CLEANING,2015-12-21,19223.0,24,36.84428571428571,Quito,Pichincha,A,14,7.0,1.0
47,CLEANING,2015-12-28,19908.0,24,37.050000000000004,Quito,Pichincha,A,14,2.0,1.0
47,CLEANING,2016-01-04,20286.0,32,34.23428571428572,Quito,Pichincha,A,14,0.0,0.0
47,CLEANING,2016-01-11,16226.0,62,30.261428571428574,Quito,Pichincha,A,14,0.0,0.0
47,CLEANING,2016-01-18,15582.0,61,30.051428571428573,Quito,Pichincha,A,14,0.0,0.0
47,CLEANING,2016-01-25,16313.0,44,32.33714285714286,Quito,Pichincha,A,14,0.0,0.0
47,CLEANING,2016-02-01,17602.0,15,31.145714285714288,Quito,Pichincha,A,14,0.0,0.0
47,CLEANING,2016-02-08,16240.0,1,28.48,Quito,Pichincha,A,14,2.0,1.0
47,CLEANING,2016-02-15,15243.0,9,29.798571428571428,Quito,Pichincha,A,14,0.0,0.0
47,CLEANING,2016-02-22,15325.0,24,31.415714285714284,Quito,Pichincha,A,14,0.0,0.0
47,CLEANING,2016-02-29,18810.0,49,34.855714285714285,Quito,Pichincha,A,14,1.0,1.0
47,CLEANING,2016-03-07,14192.0,43,37.92714285714286,Quito,Pichincha,A,14,0.0,0.0
47,CLEANING,2016-03-14,14555.0,125,38.64714285714285,Quito,Pichincha,A,14,0.0,0.0
47,CLEANING,2016-03-21,13720.0,203,38.885714285714286,Quito,Pichincha,A,14,1.0,1.0
47,CLEANING,2016-03-28,18402.0,201,36.40428571428571,Quito,Pichincha,A,14,1.0,1.0
47,CLEANING,2016-04-04,16857.0,103,37.582857142857144,Quito,Pichincha,A,14,0.0,0.0
47,CLEANING,2016-04-11,14529.0,74,40.99,Quito,Pichincha,A,14,4.0,1.0
47,CLEANING,2016-04-18,18444.0,80,42.114285714285714,Quito,Pichincha,A,14,8.0,1.0
47,CLEANING,2016-04-25,15670.0,61,44.778571428571425,Quito,Pichincha,A,14,8.0,1.0
47,CLEANING,2016-05-02,15820.0,54,44.32,Quito,Pichincha,A,14,9.0,1.0
47,CLEANING,2016-05-09,14662.0,81,45.66285714285714,Quito,Pichincha,A,14,8.0,1.0
47,CLEANING,2016-05-16,14123.0,74,47.9,Quito,Pichincha,A,14,1.0,1.0
47,CLEANING,2016-05-23,14455.0,67,48.90571428571428,Quito,Pichincha,A,14,1.0,1.0
47,CLEANING,2016-05-30,17979.0,57,48.962857142857146,Quito,Pichincha,A,14,0.0,0.0
47,CLEANING,2016-06-06,13335.0,48,49.871428571428574,Quito,Pichincha,A,14,0.0,0.0
47,CLEANING,2016-06-13,13170.0,161,47.92,Quito,Pichincha,A,14,0.0,0.0
47,CLEANING,2016-06-20,15237.0,215,48.135714285714286,Quito,Pichincha,A,14,4.0,1.0
47,CLEANING,2016-06-27,16357.0,169,48.41571428571429,Quito,Pichincha,A,14,2.0,1.0
47,CLEANING,2016-07-04,15721.0,146,46.35,Quito,Pichincha,A,14,0.0,0.0
47,CLEANING,2016-07-11,12840.0,68,45.69285714285714,Quito,Pichincha,A,14,0.0,0.0
47,CLEANING,2016-07-18,13471.0,82,44.145714285714284,Quito,Pichincha,A,14,3.0,1.0
47,CLEANING,2016-07-25,14782.0,103,41.74428571428571,Quito,Pichincha,A,14,0.0,0.0
47,CLEANING,2016-08-01,16238.0,87,41.10857142857143,Quito,Pichincha,A,14,1.0,1.0
47,CLEANING,2016-08-08,12985.0,54,43.50142857142857,Quito,Pichincha,A,14,1.0,1.0
47,CLEANING,2016-08-15,15254.0,89,47.534285714285716,Quito,Pichincha,A,14,1.0,1.0
47,CLEANING,2016-08-22,14419.0,103,47.21714285714285,Quito,Pichincha,A,14,1.0,1.0
47,CLEANING,2016-08-29,18774.0,87,44.901428571428575,Quito,Pichincha,A,14,0.0,0.0
47,CLEANING,2016-09-05,17579.0,47,45.71142857142858,Quito,Pichincha,A,14,0.0,0.0
47,CLEANING,2016-09-12,15630.0,204,43.96857142857142,Quito,Pichincha,A,14,0.0,0.0
47,CLEANING,2016-09-19,16910.0,325,44.528571428571425,Quito,Pichincha,A,14,0.0,0.0
47,CLEANING,2016-09-26,19146.0,319,46.885714285714286,Quito,Pichincha,A,14,1.0,1.0
47,CLEANING,2016-10-03,17562.0,338,49.56285714285714,Quito,Pichincha,A,14,2.0,1.0
47,CLEANING,2016-10-10,14982.0,306,50.30571428571428,Quito,Pichincha,A,14,0.0,0.0
47,CLEANING,2016-10-17,15133.0,332,50.57142857142857,Quito,Pichincha,A,14,0.0,0.0
47,CLEANING,2016-10-24,14919.0,425,49.17857142857143,Quito,Pichincha,A,14,0.0,0.0
47,CLEANING,2016-10-31,22821.0,340,45.097142857142856,Quito,Pichincha,A,14,4.0,1.0
47,CLEANING,2016-11-07,19429.0,358,44.26142857142857,Quito,Pichincha,A,14,5.0,1.0
47,CLEANING,2016-11-14,16287.0,247,45.30714285714286,Quito,Pichincha,A,14,0.0,0.0
47,CLEANING,2016-11-21,16050.0,191,47.021428571428565,Quito,Pichincha,A,14,1.0,1.0
47,CLEANING,2016-11-28,19056.0,176,49.50571428571429,Quito,Pichincha,A,14,1.0,1.0
47,CLEANING,2016-12-05,19563.0,282,51.12714285714286,Quito,Pichincha,A,14,3.0,1.0
47,CLEANING,2016-12-12,19550.0,300,51.91857142857143,Quito,Pichincha,A,14,0.0,0.0
47,CLEANING,2016-12-19,18989.0,270,51.971428571428575,Quito,Pichincha,A,14,6.0,1.0
47,CLEANING,2016-12-26,19423.0,296,53.41285714285714,Quito,Pichincha,A,14,2.0,1.0
47,CLEANING,2017-01-02,26708.0,177,53.582857142857144,Quito,Pichincha,A,14,1.0,1.0
47,CLEANING,2017-01-09,18874.0,119,52.15,Quito,Pichincha,A,14,0.0,0.0
47,CLEANING,2017-01-16,17932.0,98,52.044285714285714,Quito,Pichincha,A,14,0.0,0.0
47,CLEANING,2017-01-23,16898.0,128,52.86714285714286,Quito,Pichincha,A,14,0.0,0.0
47,CLEANING,2017-01-30,20001.0,185,53.465714285714284,Quito,Pichincha,A,14,0.0,0.0
47,CLEANING,2017-02-06,16993.0,163,53.15428571428571,Quito,Pichincha,A,14,0.0,0.0
47,CLEANING,2017-02-13,16261.0,118,53.27428571428571,Quito,Pichincha,A,14,0.0,0.0
47,CLEANING,2017-02-20,16877.0,102,53.92714285714286,Quito,Pichincha,A,14,0.0,0.0
47,CLEANING,2017-02-27,23952.0,94,53.49714285714286,Quito,Pichincha,A,14,3.0,1.0
47,CLEANING,2017-03-06,18371.0,77,49.8,Quito,Pichincha,A,14,0.0,0.0
47,CLEANING,2017-03-13,18708.0,73,48.121428571428574,Quito,Pichincha,A,14,0.0,0.0
47,CLEANING,2017-03-20,18448.0,78,47.285714285714285,Quito,Pichincha,A,14,0.0,0.0
47,CLEANING,2017-03-27,21283.0,79,49.53857142857142,Quito,Pichincha,A,14,1.0,1.0
47,CLEANING,2017-04-03,19001.0,69,51.54571428571428,Quito,Pichincha,A,14,0.0,0.0
47,CLEANING,2017-04-10,16502.0,134,53.18857142857143,Quito,Pichincha,A,14,3.0,1.0
47,CLEANING,2017-04-17,16541.0,233,50.67857142857143,Quito,Pichincha,A,14,1.0,1.0
47,CLEANING,2017-04-24,17753.0,300,49.175714285714285,Quito,Pichincha,A,14,0.0,0.0
47,CLEANING,2017-05-01,21837.0,274,46.93,Quito,Pichincha,A,14,1.0,1.0
47,CLEANING,2017-05-08,15139.0,254,47.26857142857143,Quito,Pichincha,A,14,3.0,1.0
47,CLEANING,2017-05-15,18227.0,262,49.55142857142857,Quito,Pichincha,A,14,0.0,0.0
47,CLEANING,2017-05-22,17374.0,270,50.03285714285715,Quito,Pichincha,A,14,1.0,1.0
47,CLEANING,2017-05-29,19017.0,149,48.40857142857143,Quito,Pichincha,A,14,0.0,0.0
47,CLEANING,2017-06-05,17050.0,135,46.35285714285715,Quito,Pichincha,A,14,0.0,0.0
47,CLEANING,2017-06-12,15871.0,173,45.137142857142855,Quito,Pichincha,A,14,0.0,0.0
47,CLEANING,2017-06-19,18890.0,304,43.02428571428572,Quito,Pichincha,A,14,4.0,1.0
47,CLEANING,2017-06-26,19963.0,377,45.02428571428572,Quito,Pichincha,A,14,0.0,0.0
47,CLEANING,2017-07-03,20641.0,336,45.06,Quito,Pichincha,A,14,2.0,1.0
47,CLEANING,2017-07-10,16647.0,220,45.798571428571435,Quito,Pichincha,A,14,0.0,0.0
47,CLEANING,2017-07-17,18014.0,159,46.22714285714286,Quito,Pichincha,A,14,1.0,1.0
47,CLEANING,2017-07-24,18820.0,143,48.68142857142857,Quito,Pichincha,A,14,2.0,1.0
47,CLEANING,2017-07-31,18393.0,111,49.534285714285716,Quito,Pichincha,A,14,1.0,1.0
47,CLEANING,2017-08-07,14110.0,110,49.0,Quito,Pichincha,A,14,1.0,1.0
47,CLEANING,2017-08-14,3810.0,30,47.82857142857143,Quito,Pichincha,A,14,1.0,1.0
